report_date,usd_tt_buying,usd_tt_selling,gbp_tt_buying,gbp_tt_selling,eur_tt_buying,eur_tt_selling,jpy_tt_buying,jpy_tt_selling,indicative_usd_spot,gold_price,overnight_liquidity,aspi,sp_sl20,daily_turnover,market_cap,oil_singapore_petrol,oil_singapore_diesel,oil_singapore_kerosene,total_energy,peak_demand,thermal_coal_pct,thermal_oil_pct,hydro_pct,wind_pct,real_gdp_growth,ncpi_yoy,ccpi_yoy
9/2/2020,183.83,188.13,244.7335,252.873,217.5323,225.1715,1.7141,1.7931,187.16,1966.12,187.16,5359.99,2348.36,1788.52,2329.51,,,,39.25,2330.7,41.3,28.3,29.4,1,-1.6,6.1,4.1
9/3/2020,183.07,187.47,243.2002,251.1604,215.4307,223.0365,1.7076,1.7823,189.38,1949.62,189.38,5350.85,2343.81,1115.51,2325.54,,,,40.88,2382,31.7,36.8,29.2,2.3,-1.6,6.1,4.1
9/4/2020,183.04,187.44,242.2218,250.1649,215.7421,223.3692,1.7083,1.783,191.69,1939.67,191.69,5311.42,2321.57,1026.56,2308.41,,,,43.47,2519.6,30.1,33.5,34.8,1.7,-1.6,6.1,4.1
9/7/2020,183,187.3,241.1646,249.2435,215.2957,222.9085,1.7024,1.7811,191.76,1938.41,191.76,5310.67,2307.89,757.16,2308.08,,,,38.12,2310,39.1,22.1,35.2,3.7,-1.6,6.1,4.1
9/8/2020,182.44,186.84,238.9894,246.885,214.2455,221.8617,1.701,1.7756,189.03,1926.49,189.03,5316.05,2307.64,1255.99,2310.42,,,,42.72,2470,46,21.4,29.9,2.8,-1.6,6.1,4.1
9/9/2020,182.1,186.5,235.099,242.9586,213.3319,220.9227,1.7035,1.7783,187.77,1927.99,187.77,5370.39,2334.76,3130.51,2334.03,,,,40.88,2384.11,47.3,19.2,29.5,3.9,-1.6,6.1,4.1
9/10/2020,182.16,186.56,235.7718,243.628,214.2133,221.8197,1.7007,1.7754,202.39,1945.68,202.39,5399.54,2342.85,2668.25,2346.71,,,,39.99,2377.92,48.1,13.6,34.4,3.9,-1.6,6.1,4.1
9/11/2020,182.42,186.82,232.8615,240.6622,214.7642,222.385,1.7028,1.7774,199.63,1945.61,199.63,5438.91,2359.24,1640.84,2363.82,,,,39.99,2377.92,48.1,13.6,34.4,3.9,-1.6,6.1,4.1
9/14/2020,182.21,186.61,232.6985,240.4967,214.7747,222.3799,1.7019,1.7765,181.45,1949.44,181.45,5490.6,2382.77,2285.93,2386.28,,,,39.88,2414.61,49,13.3,35.4,2.3,-1.6,6.1,4.1
9/15/2020,182.14,186.54,233.0656,240.8716,215.3014,222.9265,1.7081,1.7829,180.08,1964.9,180.08,5533.69,2389.33,3205.23,2405.01,,,,41.75,2737.91,46.8,16.7,33.2,3.3,-1.6,6.1,4.1
9/16/2020,182.21,186.61,234.2743,242.0864,214.7341,222.3499,1.7149,1.79,170.02,1958.3,170.02,5585.4,2406.36,3530.83,2427.48,,,,42.56,2476.4,46.1,16.6,33.8,3.5,-1.6,6.1,4.1
9/17/2020,182.72,187.12,235.231,243.0551,213.8636,221.4556,1.7235,1.7989,172.59,1948.39,172.59,5658.66,2480.07,3412.74,2459.32,,,,42.31,2429.26,46.4,16.4,33.3,3.9,-1.6,6.1,4.1
9/18/2020,182.82,187.18,235.8661,243.6549,215.4987,223.0712,1.7284,1.8034,157.07,1952.1,157.07,5720.67,2512.4,3544.74,2486.27,,,,42.31,2429.26,46.4,16.4,33.3,3.9,-1.6,6.1,4.1
9/21/2020,183.22,187.58,236.4631,244.2463,216.1771,223.7562,1.7401,1.8155,155.59,1953.7,155.59,5762.71,2511.72,3523.28,2504.54,,,,38.5,2324.33,44,2.4,49.2,4.4,-1.6,6.2,4.1
9/22/2020,183.18,187.54,233.8343,241.5754,214.3713,221.9197,1.7365,1.8118,157.95,1908.67,157.95,5780.94,2492.35,2527.84,2512.46,,,,38.28,2359.35,43.6,2.3,51.5,2.7,-1.6,6.2,4.1
9/24/2020,182.97,187.33,231.8632,239.572,212.6109,220.1364,1.7251,1.8001,164.89,1901.66,164.89,5772.1,2486.01,2152.82,2508.94,,,,39.87,2444,43.5,2.8,51.1,2.6,-1.6,6.2,4.1
9/25/2020,182.94,187.3,232.4281,240.1539,212.3304,219.8545,1.7187,1.7934,188.97,1866.35,188.97,5859.04,2482.08,2424.94,2546.73,,,,40.25,2366.2,46.3,3.5,47.8,2.4,-1.6,6.2,4.1
9/28/2020,183.08,187.4,232.8587,240.536,211.8658,219.3273,1.7217,1.7962,171.42,1860.85,171.42,6028.2,2495.72,1895.28,2620.26,,,,41.73,2437.4,46.7,7.4,43.6,2.3,-1.6,6.2,4.1
9/29/2020,183.18,187.5,234.4425,242.1567,212.6924,220.1783,1.7209,1.7953,188.46,1886.46,188.46,5993.55,2476.11,3152.52,2599.62,,,,40.64,2350.35,45,8.1,44.6,2.3,-1.6,6.2,4.1
9/30/2020,183,187.32,234.3235,242.0324,213.7154,221.2195,1.7163,1.7907,187.03,1895.67,187.03,5984.84,2463.27,2065.13,2595.84,,,,39.61,2366,47.3,4.9,45.3,2.4,-1.6,6.2,4
10/2/2020,182.89,187.21,234.3916,242.1045,213.292,220.7824,1.7159,1.7902,139.4,1897.53,139.4,6050.17,2454.43,3242.55,2624.18,,,,40.04,2415.6,46.4,4.4,45.8,3.4,-1.6,6.2,4
10/5/2020,182.43,186.75,235.2497,242.9917,212.8736,220.3702,1.7127,1.7869,184.57,1898.25,136.45,5587.18,2288.51,3821.94,2423.36,,,,41.52,2470.8,47.1,9.4,42.7,0.8,-1.6,6.2,4
10/6/2020,182.51,186.81,235.8549,243.8283,213.8969,221.4906,1.7074,1.7865,184.76,1910.55,160.02,5534.61,2272.22,2803.22,2400.56,,,,42.93,2479.1,45.8,11.7,41.2,1.3,-1.6,6.2,4
10/7/2020,182.43,186.75,234.0848,241.7898,212.8265,220.3209,1.7107,1.785,184.71,1880.35,149.67,5553.22,2272.89,3879.72,2417.23,,,,42.49,2445.9,45.9,11.7,40.5,1.9,-1.6,6.2,4
10/8/2020,182.17,186.49,234.5855,242.3026,213.221,220.7108,1.7028,1.7768,184.47,1886.8,166.51,5724.54,2317.15,2900.04,2491.81,,,,42.25,2469.1,46.4,12.9,39.1,1.5,-1.6,6.2,4
10/9/2020,182.02,186.34,234.9059,242.63,213.212,220.7107,1.7039,1.778,184.19,1905.92,185.47,5798.72,2348.5,3052.77,2524.09,,,,41.61,2321.7,47,12.4,38.1,2.5,-1.6,6.2,4
10/12/2020,182.03,186.35,236.2371,243.9868,213.9765,221.4824,1.7087,1.7829,184.19,1926.14,181.76,5841.05,2334.71,3795.91,2542.55,,,,38.61,2362.7,48,6.1,42,4,-1.6,6.2,4
10/13/2020,182.03,186.35,236.5579,244.3151,213.5891,221.0882,1.7118,1.7861,184.19,1912.68,183.72,5802.97,2303.81,5035.36,2525.97,,,,39.98,2354.1,46.6,5.2,44,4.2,-1.6,6.2,4
10/14/2020,182.14,186.46,234.6884,242.4063,212.7396,220.2337,1.7127,1.787,184.27,1893.4,177.04,5890.13,2346.83,5505.7,2563.92,,,,39.04,2258.8,47.6,4.4,43.9,4.2,-1.6,6.2,4
10/15/2020,182.58,186.88,236.4394,244.4237,213.2105,220.7831,1.715,1.7945,184.6,1897.57,183.8,5920,2366.14,3465.16,2576.91,,,,38.87,2359.8,43,1.4,51.6,4.1,-1.6,6.2,4
10/16/2020,182.38,186.7,234.2343,241.9673,212.3403,219.8285,1.7167,1.7912,184.69,1907.3,173.61,5945.79,2370.43,3606.8,2588.14,,,,39.14,2356.9,42.4,1.8,52.4,3.3,-1.6,6.2,4
10/20/2020,182.16,186.48,234.8803,242.6021,213.2539,220.7399,1.7101,1.7844,184.31,1899.92,207.92,5934.23,2387.56,2258.36,2583.11,,,,42.56,2461.5,45.9,11.9,39.6,2.7,-1.6,6.2,4
10/21/2020,182.34,186.66,235.6031,243.3335,214.745,222.2613,1.7145,1.7889,184.42,1918.9,210.69,5684.67,2287.6,3248.14,2474.47,,,,42.25,2390.2,46.3,14.7,35.7,3.3,-1.6,6.4,4
10/22/2020,182.14,186.44,237.9884,246.0138,214.4381,222.0465,1.7197,1.7995,184.35,1913.43,203.34,5771.89,2294.89,2274.01,2512.44,,,,40.92,2395.25,47.7,10.2,38.9,3.2,-1.6,6.4,4
10/23/2020,182.19,186.49,236.9521,244.9563,213.7369,221.3223,1.72,1.7999,184.3,1906,203.11,5768.94,2297.88,1742.65,2511.16,,,,41.28,2417.1,47.6,10.4,39.6,2.5,-1.6,6.4,4
10/26/2020,182.1,186.4,236.0906,244.0765,214.2842,221.8879,1.7171,1.7968,184.54,1899.95,191.59,5669.33,2254.79,1012.32,2467.8,,,,41.14,2451.9,47.7,11.9,40.1,0.3,-1.6,6.4,4
10/27/2020,182.16,186.46,236.2574,244.247,214.0473,221.6347,1.7199,1.7997,184.33,1909.59,191.21,5680.28,2260.97,1090.92,2474.09,,,,41.97,2432.5,46.7,19.7,33.4,0.2,-1.6,6.4,4
10/28/2020,182.14,186.46,236.5249,244.2766,213.4041,220.892,1.7295,1.8045,184.3,1906.95,191.26,5600.2,2238.97,1251.16,2439.22,,,,41.4,2438.5,47.4,23.4,29.1,0.1,-1.6,6.4,4
10/29/2020,182.13,186.45,235.7448,243.4905,212.8676,220.3647,1.7276,1.8024,184.28,1878.57,153.11,5726.59,2282.2,1641.84,2494.26,,,,41.78,2433.73,46.2,21.2,32.1,0.5,-1.6,6.4,4
11/2/2020,182.12,186.44,234.6213,242.3519,210.9035,218.359,1.7241,1.7988,184.29,1881.4,136.61,5713.58,2262.94,1254.77,2489.6,,,,39,2339.8,33.6,36.7,29.6,0.2,-1.6,6.4,4
11/3/2020,182.29,186.61,234.7628,242.4835,211.1834,218.6298,1.7248,1.7995,184.43,1895.64,133.17,5843.27,2294.39,2711.8,2546.12,,,,38.99,2274.8,33.7,36.7,29.4,0.2,-1.6,6.4,4
11/4/2020,182.25,186.55,235.6518,243.6399,211.0043,218.5362,1.7148,1.7943,184.43,1892.74,141.32,5905.91,2317.83,3534.95,2573.41,,,,36.83,2079.4,35.6,33,31.3,0.1,-1.6,6.4,4
11/5/2020,182.25,186.57,235.2977,243.0266,212.5337,220.0173,1.7316,1.8065,184.39,1906.6,152.59,6004.11,2347.4,4280.4,2616.2,,,,36.11,2208.35,36.3,26.7,36.8,0.2,-1.6,6.4,4
11/6/2020,182.33,186.63,238.209,246.2322,214.1947,221.7869,1.7405,1.8214,184.44,1941.94,148.8,6080.09,2370.3,4991.92,2649.31,,,,35.94,2219.9,36.3,25.2,38,0.6,-1.6,6.4,4
11/9/2020,182.32,186.64,239.4346,247.2318,215.6369,223.1593,1.7479,1.8234,184.47,1955.53,157.45,6114.5,2379.69,5518.35,2664.3,,,,36.07,2256,35.5,25,38.2,1.2,-1.6,6.4,4
11/11/2020,182.35,186.65,240.8536,248.9343,214.3962,222.0049,1.7153,1.7948,184.52,1880.9,153.05,6097.93,2432.55,3067.32,2659.16,,,,38.18,2322.8,31.8,28.4,38.5,1.3,-1.6,6.4,4
11/12/2020,182.4,186.7,239.903,247.9756,213.6041,221.1817,1.7128,1.7921,184.6,1868.9,147.07,6090.97,2403.57,1573.46,2656.14,,,,37.96,2230.01,16.7,42.2,40.8,0.4,-1.6,6.4,4
11/13/2020,182.4,186.7,238.0414,246.0631,214.0317,221.6294,1.719,1.7986,184.6,1878.75,170.06,6082.42,2401.37,1934.39,2652.42,,,,38.12,2152.8,17.2,46.7,35.2,0.8,-1.6,6.4,4
11/16/2020,182.5,186.8,240.263,248.3287,215.0161,222.6346,1.726,1.806,184.61,1896.65,188.88,6076.92,2386.69,1391.72,2650.02,,,,37.06,2311.8,17.3,49.1,33,0.6,-1.6,6.4,4
11/17/2020,183.01,187.31,240.7767,248.8527,215.8102,223.4337,1.7318,1.8119,185.01,1890.15,180.55,6108.93,2395.71,2212.45,2663.97,,,,38,2274,17.2,48.1,33.4,1.3,-1.6,6.4,4
11/18/2020,183,187.32,241.5893,249.4281,215.8591,223.3849,1.7415,1.8167,184.9,1879.44,167.79,6108.22,2397.26,2452.36,2663.67,,,,37.6,2321.93,17.1,49.9,32.6,0.4,-1.6,6.4,4
11/19/2020,182.51,186.83,240.679,248.5068,215.0417,222.5638,1.7423,1.8177,184.93,1871.4,172.62,6060.89,2387.88,1403.52,2643.02,,,,37.52,2358.6,17.5,45.6,36.5,0.5,-1.6,6.4,4
11/20/2020,182.91,187.11,241.3822,249.3279,215.9209,223.4341,1.7416,1.8212,184.64,1863.6,195.47,6085,2390.27,1497.27,2653.54,,,,37.33,2142.1,24.2,37.8,37.5,0.6,-1.6,6.4,4
11/23/2020,183.33,187.53,243.07,251.0615,216.4103,223.9289,1.7471,1.8269,185.12,1871.75,185.8,6072.07,2388.54,1235.32,2647.9,,,,38.27,2362,33.9,33.8,31.1,1.2,-1.6,5.5,4
11/24/2020,183.17,187.39,243.2737,250.997,215.8147,223.2357,1.7358,1.8098,185.48,1826.31,187.65,6087.66,2399.98,1701.15,2654.7,,,,39.43,2362.1,33,36.5,28.1,2.4,-1.6,5.5,4
11/25/2020,183.54,187.76,244.3162,252.0389,217.3269,244.3162,1.74,1.814,185.4,1810.15,185.36,6141.79,2416.18,2498.61,2678.31,,,,40.2,2361.4,31.6,39.5,25.7,3.2,-1.6,5.5,4
11/26/2020,183.58,187.78,244.658,252.6644,217.6493,225.1775,1.7403,1.8198,185.51,1810.75,185.04,6148.12,2423.66,1979.14,2682.1,,,,40.63,2456.1,32,40.6,24.9,2.4,-1.6,5.5,4
11/27/2020,183.02,187.24,243.6736,251.4064,216.9359,224.3727,1.743,1.8174,185.22,1809.6,186.92,6180.86,2433.63,2095.46,2700.63,,,,41.16,2457.2,31.6,41.9,26.1,0.4,-1.6,5.5,4
11/30/2020,183.33,187.55,243.6377,251.355,218.3223,225.7683,1.7484,1.8228,184.96,1780.85,185.81,6243.76,2453.87,2406.78,2728.11,,,,41.56,2487.2,27.1,43.2,28.1,1.6,-1.6,5.5,4.1
12/1/2020,183.66,187.88,244.3398,252.0609,218.4127,225.8472,1.7438,1.818,185.8,1781.65,235.98,6317.46,2497.92,2527.24,2760.84,,,,42.6,2408.5,26.3,44.5,24.6,4.6,-1.6,5.5,4.1
12/2/2020,183.79,187.99,245.4123,253.428,220.6383,228.2353,1.7402,1.8197,185.6,1813.21,237.04,6345.84,2512.55,2261.04,2773.25,,,,39.56,2224.3,27.8,42.8,25.6,3.8,-1.6,5.5,4.1
12/3/2020,184.26,188.66,245.3492,253.6386,222.0416,229.9015,1.7441,1.8255,186.88,1827.99,233.61,6359.99,2518.83,3444.16,2779.43,,,,38.13,2313,28.4,39.4,28.7,3.5,-1.6,5.5,4.1
12/4/2020,183.9,188.3,246.2342,254.5447,222.0402,229.9054,1.7509,1.8327,186.53,1840.91,234.95,6397.56,2534.74,3299.81,2795.85,,,,38.77,2358.6,29.3,43.5,24.7,2.5,-1.6,5.5,4.1
12/7/2020,183.77,188.19,245.9383,253.9636,221.8934,229.6473,1.7508,1.8271,185.48,1838.65,238.33,6473.76,2582.75,3256.66,2829.15,,,,40.56,2517.24,28.4,44.5,26.6,0.5,-1.6,5.5,4.1
12/8/2020,184.1,188.52,244.9334,252.931,221.8424,229.5892,1.7534,1.8297,186.23,1865.5,240.67,6564,2642.5,4237.61,2868.59,,,,40.56,2517.24,28.4,44.5,26.6,0.5,-1.6,5.5,4.1
12/9/2020,184.14,188.54,245.0861,253.3573,221.8557,229.714,1.7482,1.8297,186.17,1867.5,238.28,6605.09,2641.72,5292.01,2886.54,,,,41.49,2488.55,29.7,44,25.4,0.9,-1.6,5.5,4.1
12/10/2020,183.64,188.06,244.5517,252.5657,220.8595,228.5877,1.7429,1.8189,185.92,1841.55,242.91,6609.39,2628.49,3884.94,2888.42,,,,41.62,2404.4,29.7,43.3,25.9,1.2,-1.6,5.5,4.1
12/11/2020,183.72,188.14,243.7776,251.6818,222.2769,229.9,1.7538,1.8234,185.91,1838.34,232.77,6614.56,2627.81,2932.32,2890.68,,,,40.69,2445.6,30.3,43.4,25.2,1.1,-1.6,5.5,4.1
12/14/2020,184.57,188.97,244.7638,253.0251,222.6439,230.5063,1.7549,1.8368,186.02,1837.05,242.23,6656.64,2634.84,2262.56,2909.07,,,,40.15,2418.69,32.6,42.6,23.4,1.4,-1.6,5.5,4.1
12/15/2020,185.1,189.52,246.1012,254.1151,223.9447,231.7329,1.7623,1.8393,186.73,1832.28,237.48,6631.89,2607.87,2524.31,2898.25,,,,41.84,2496.54,31.3,42.5,25.1,1.2,1.5,5.5,4.1
12/16/2020,185.23,189.83,247.8859,256.382,223.8179,232.0689,1.7697,1.8508,187.89,1854.55,224.3,6655.67,2602.69,3442.31,2908.65,,,,42.09,2483.06,31.2,42.7,25.6,0.6,1.5,5.5,4.1
12/17/2020,186.13,190.53,250.6678,259.0395,225.9438,233.8795,1.7805,1.8636,188.07,1863.13,225.02,6624.15,2583.01,4438.48,2894.87,,,,42.23,2466.59,31,42.5,25.7,0.8,1.5,5.5,4.1
12/18/2020,185.41,190.13,250.1995,258.5878,226.0615,234.2493,1.7788,1.8567,187.88,1879.82,222.78,6616.95,2572.95,1721.55,2891.73,,,,41.48,2382.9,31.5,36.9,31.1,0.5,1.5,5.5,4.1
12/21/2020,185.95,190.37,247.3186,255.3359,225.6041,233.4249,1.7825,1.8601,187.86,1895.45,213.92,6622.71,2580.21,2595.2,2894.25,,,,39.13,2401.5,33.2,41.8,22.2,2.7,1.5,5.2,4.1
12/22/2020,186.8,191.2,249.4057,257.7487,227.1588,235.1091,1.7861,1.8694,187.7,1881.03,222.35,6634.92,2584.63,5844.64,2899.58,,,,40.08,2363.8,32,43.9,22.5,1.7,1.5,5.2,4.1
12/23/2020,188.01,193.05,250.972,259.3906,227.8963,235.9886,1.8024,1.878,189.28,1863.55,228.62,6629.02,2574.73,2718.78,2897.01,,,,38.82,2234.8,31.8,43.8,23,1.4,1.5,5.2,4.1
12/24/2020,189.08,194.66,255.2322,265.0264,229.6236,238.9572,1.811,1.8953,190.22,1878.79,231.1,6685.64,2599.67,2745.54,2921.75,,,,37.95,2314.1,31.1,41.1,26.5,1.3,1.5,5.2,4.1
12/28/2020,186.7,192.1,252.1467,261.6006,226.8394,235.7107,1.7847,1.8743,190.28,1897.54,224.06,6704.89,2614.84,1379.07,2930.32,,,,36.72,2229.5,35.2,42.3,21,1.5,1.5,5.2,4.1
12/31/2020,184.12,189.18,250.3872,258.5999,225.5407,233.5264,1.7753,1.8452,186.41,1896.89,206.75,6774.22,2638.1,2998.42,2960.65,,,,40.2,2247.83,32.5,46.3,19.3,1.9,1.5,5.2,4.2
1/1/2021,184.98,189.8,252.2789,260.5534,224.9103,232.944,1.7793,1.8526,185.39,1898.69,266.52,6774.22,2638.1,2998.42,2960.65,,,,34.32,2011.8,37.9,44.8,15.2,2.1,1.5,5.2,4.2
1/4/2021,184.82,189.88,252.5236,260.739,225.6029,233.5892,1.7845,1.8544,185.28,1918.39,244.6,6894.98,2687.45,4969.98,3013.43,,,,39.31,2239.2,49.5,33.1,16.2,1.2,1.5,5.2,4.2
1/5/2021,187.6,191.9,256.1466,263.2182,229.1055,236.0804,1.8278,1.8795,185,1938.85,248.98,6978.86,2707.64,6188.2,3050.09,,,,38.75,2227.7,50.1,29.7,19.6,0.7,1.5,5.2,4.2
1/6/2021,187.54,191.96,256.6008,263.5679,230.1819,236.5615,1.8401,1.8847,185,1948.16,244.45,7036.76,2703.19,7156.53,3076.02,,,,39.54,2314.09,49.4,31.5,19,0.1,1.5,5.2,4.2
1/7/2021,187.1,191.77,255.233,263.1558,230.2519,237.0256,1.8306,1.8751,185,1916.74,242.22,7097.84,2692.56,9140,3102.72,,,,39.71,2466.9,48.7,30.2,20.7,0.4,1.5,5.2,4.2
1/8/2021,186.28,190.98,252.2944,259.3173,237.847,234.2258,1.7959,1.841,185.5,1911.35,238.35,7119.53,2704.87,6169.58,3112.2,,,,41.1,2442.3,47.7,30.5,21.4,0.4,1.5,5.2,4.2
1/11/2021,188.05,192.47,254.0502,261.5314,228.0735,235.1102,1.8127,1.8621,187.53,1833.14,237.33,7203.63,2730.85,7759.39,3148.97,,,,38.61,2339,49.7,30.7,17.4,2.2,1.5,5.2,4.2
1/12/2021,188.49,193.65,255.7831,263.6266,229.6119,235.9768,1.8217,1.8705,187,1848.45,232.9,7282.24,2742.41,8585.95,3183.33,,,,39.69,2328.2,48.7,31.6,17.5,2.1,1.5,5.2,4.2
1/13/2021,190.33,194.07,260.3922,267.0367,231.3253,237.4452,1.8415,1.8786,186.99,1861.36,204.4,7443.23,2782.17,9061.32,3253.7,,,,39.09,2322.9,49.9,25.6,23.5,1,1.5,5.2,4.2
1/18/2021,191.6475,196.0262,259.5688,266.6143,230.4325,237.3172,1.8445,1.8961,192.74,1828.19,213.91,7922.66,3003.3,12183.01,3463.3,,,,38.18,2292.97,50,25.5,23,1.4,1.5,5.2,4.2
1/19/2021,190.89,196.05,260.4246,267.5104,231.1936,237.8727,1.8399,1.8931,193.65,1840.38,208.85,7808.97,3059.03,11417.24,3413.6,,,,39.02,2389.84,48.7,25.5,24.7,1,1.5,5.2,4.2
1/20/2021,192.8513,198.2647,263.7529,272.011,233.9688,241.3966,1.8605,1.9216,194.8,1847.95,166.79,7884.45,3096.35,9370.17,3446.6,,,,40.97,2470.48,47.9,29.5,21.8,0.8,1.5,5.2,4.2
1/21/2021,193.16,197.68,263.4662,270.959,232.6594,240.318,1.8707,1.9174,194.8,1868.83,160.12,8131.25,3196.73,14202.42,3554.49,,,,42.4,2058,46.2,33.7,19.7,0.5,1.5,4.6,4.2
1/22/2021,194.3125,199.1875,266.6446,274.475,236.1862,243.4036,1.8835,1.937,196.43,1864.42,121.4,8463.43,3312.35,12848.53,3699.69,,,,42.87,2511.7,45.2,34,20.4,0.4,1.5,4.6,4.2
1/25/2021,194.19,199.65,266.0805,274.1317,235.9899,243.5142,1.8749,1.9287,196.8,1855.46,117.5,8694.35,3500.82,14990.06,3800.64,,,,41.28,2482.8,47.6,32.4,19.3,0.7,1.5,4.6,4.2
1/26/2021,192.4,198.8,265.0271,272.8418,234.5731,242.1688,1.8654,1.9257,196.15,1858.65,124.92,8665.82,3504.05,11436.93,3788.17,,,,41.38,2466.6,47.7,33,18.2,1.2,1.5,4.6,4.2
1/27/2021,193.1921,198.2435,264.4779,272.8538,233.7095,241.8405,1.8504,1.9233,195.86,1845.1,123.23,8812.01,3505.33,14409.65,3852.07,,,,41.52,2463.5,47.4,34.2,17.4,1,1.5,4.6,4.2
1/29/2021,189.6615,194.4435,259.8668,266.6941,229.1927,235.5134,1.8135,1.8612,194.39,1843.34,116.14,8668.07,3514.18,13418.39,3789.15,,,,42.2,2456.5,46.4,30.4,21.8,1.3,1.5,4.6,3
2/1/2021,188.63,193.17,258.6512,265.4954,228.2932,234.8034,1.8001,1.8497,190.98,1856.95,120.53,8567.07,3439.15,23752.91,3745,,,,40.73,2380.1,46.7,34,16.8,2.4,1.5,4.6,3
2/2/2021,190.4,195.5,260.5735,268.055,229.5316,236.7631,1.8132,1.8702,192.57,1862.34,115.73,8005.32,3187.38,6931.1,3499.56,,,,41.31,2470,44.1,39.3,15.4,1.2,1.5,4.6,3
2/3/2021,192.32,197.62,263.304,270.8754,231.0596,238.8794,1.8333,1.8878,194,1844.34,113.04,8244.5,3293.45,6224.36,3604.12,,,,42.19,2401.2,46.5,37.1,14.6,1.8,1.5,4.6,3
2/5/2021,191.59,196.03,261.6346,268.2146,228.482,234.6503,1.8133,1.8608,194.41,1796.59,116.49,8275.37,3304.3,5166.75,3617.62,,,,40.55,2463.5,48.4,29.3,20.7,1.6,1.5,4.6,3
2/8/2021,191.967,196.5069,262.2619,269.8318,229.7645,236.7012,1.8178,1.8648,193.74,1811.24,128.87,8113.26,3227.66,4799.42,3546.75,,,,41.58,2440.6,47.1,34.2,15.7,3.1,1.5,4.6,3
2/9/2021,192.57,196.81,263.934,271.2625,231.1213,237.9966,1.826,1.8775,194.36,1840.45,124.52,7963.77,3169.92,4946.08,3481.43,,,,41.6,2479.72,47.3,33.7,16.6,2.4,1.5,4.6,3
2/10/2021,192.23,197.45,265.4449,273.5626,232.6843,240.057,1.8332,1.8949,194.31,1839.3,129.66,7732.43,3087.7,5122.23,3380.3,,,,41.67,2488.48,47.4,35.2,16.6,0.8,1.5,4.6,3
2/11/2021,193.537,198.668,268.3646,275.4767,233.973,240.9759,1.853,1.903,194.5,1837.05,131.14,7597.81,3039.28,4383.34,3321.98,,,,41.71,2477.72,47.2,35.1,17,0.8,1.5,4.6,3
2/12/2021,191.2395,196.3655,263.8083,270.8854,232.1938,238.2858,1.829,1.8748,194.63,1821.6,154.92,7985,3180.24,5170.53,3491.27,,,,42.35,2495.3,46.5,36.1,16.7,0.7,1.5,4.6,3
2/15/2021,192.79,197.03,267.6381,274.2545,233.6053,239.5857,1.8343,1.8813,193.97,1825.1,153.75,7907.27,3163.59,6010.49,3457.29,,,,42.57,2552.3,46,30.4,23,0.6,1.5,4.6,3
2/16/2021,193.2575,197.9775,269.7186,276.5602,234.5761,240.7226,1.8307,1.8803,193.97,1825.14,148.1,7580.91,3032.21,4277.34,3314.6,,,,44.29,2575.6,44.4,35.7,19.5,0.4,1.5,4.6,3
2/17/2021,193.6565,198.9485,269.6449,277.0604,233.5846,240.9903,1.8311,1.8858,194.96,1792.3,145.98,7588.34,3027.66,3311.37,3317.85,,,,44.56,2554.6,44,36.3,19,0.6,1.5,4.6,3
2/18/2021,193.3913,198.3847,268.1347,275.5865,231.8116,239.395,1.8266,1.8816,194.85,1782.1,153.67,7736.36,3086.04,3349.48,3382.57,,,,44.84,2571.7,43.9,36.3,19.1,0.7,1.5,4.6,3
2/19/2021,193.58,198.58,271.1749,277.8369,233.6657,240.5025,1.8338,1.8845,194.85,1767.65,165.29,7797.94,3098.12,3488.94,3410.31,,,,45.08,2528.1,43.6,36.3,18.7,1.4,1.5,4.6,3
2/22/2021,193.13,197.53,270.841,277.3659,233.6952,239.8236,1.8253,1.875,194.83,1785.84,168.62,7597.51,3029.79,2348.69,3322.65,,,,43.65,2377.1,45.1,33.2,19.5,2.2,1.5,3.7,3
2/23/2021,191.19,195.93,269.5017,276.0311,232.4452,238.785,1.8222,1.8678,194.21,1813.94,169.66,7329.21,2898.43,2830.12,3205.08,,,,44.85,2589,43.7,35.1,19.7,1.5,1.5,3.7,3
2/24/2021,192,196.4,271.8136,278.3643,232.9214,239.0328,1.8181,1.8628,194.06,1813.34,155.16,7371.86,2899,2620.09,3223.74,,,,45.55,2576,43.2,35.8,20.4,0.6,1.5,3.7,3
2/25/2021,192.88,196.62,272.3374,278.4161,233.5326,239.639,1.8162,1.8579,194.01,1800.09,171.55,7476.34,2966.63,3006.49,3269.43,,,,45.85,2592.2,41.4,37.8,20.3,0.5,1.5,3.7,3.3
3/1/2021,192.01,197.05,269.5677,276.085,231.888,238.6626,1.8032,1.8521,194.01,1747.72,179.86,7438.13,2964.3,1899.68,3252.72,,,,45.14,2600.8,43.2,35.7,20.7,0.4,1.5,3.7,3.3
3/2/2021,192.49,197.32,267.4832,274.6609,231.1376,237.845,1.8051,1.8516,194.5,1715.4,177.18,7343.38,2909.77,1989.22,3211.28,,,,45.18,2593.2,42,41.5,15.6,0.9,1.5,3.7,3.3
3/3/2021,193.99,198.32,270.423,277.1947,233.1015,239.8199,1.8101,1.8636,195.63,1732.43,175.63,7193.09,2836.75,2431.85,3145.57,,,,45.47,2550,43,40.3,15.5,1.2,1.5,3.7,3.3
3/4/2021,193.94,198.27,270.3365,276.8555,233.2876,239.3693,1.8061,1.8552,195.27,1713.75,174.72,7002.04,2768.88,3005.03,3062.03,,,,45.99,2593,42.6,40.4,15.8,1.2,1.5,3.7,3.3
3/5/2021,194.01,198.34,269.4763,276.2362,230.9809,237.709,1.8037,1.8457,195.36,1694.36,172.82,7054.49,2791.57,2075.15,3084.97,,,,46.84,2586.8,41.8,40.5,16.8,0.9,1.5,3.7,3.3
3/8/2021,194.046,198.576,268.4053,275.1628,229.9072,236.8063,1.7905,1.8381,195.5,1712.3,174.39,7318.43,2906.69,2704.25,3200.39,,,,43.06,2308.07,45.4,38,16.3,0.4,1.5,3.7,3.3
3/9/2021,194.354,198.682,268.8222,275.5686,229.8974,235.954,1.7816,1.8276,195.5,1688.85,175.78,7296.88,2909.98,2779.95,3190.97,,,,44.09,2527,44.5,38.8,15.9,0.9,1.5,3.7,3.3
3/22/2021,195.3773,200.0401,270.3295,277.2437,232.3628,238.3818,1.7959,1.8437,197.47,1737.61,5.04,6966.71,2786.12,757.64,3043.45,,,,44.66,2581.61,43.7,36.7,19.4,0.2,-3.6,4.2,3.3
3/23/2021,196.3948,200.8635,271.7662,278.5034,233.9368,239.9739,1.8069,1.8526,197.77,1732.46,4.84,6979.29,2801.79,972.9,3048.96,,,,46.58,2581.6,42,38.7,18.8,0.5,-3.6,4.2,3.3
3/24/2021,196.9248,201.1935,270.2723,276.6864,232.9637,238.9687,1.8139,1.8594,198.95,1731.09,4.67,7135.84,2871.08,1558.23,3117.25,,,,47.18,2604.1,41.6,39.3,18.7,0.4,-3.6,4.2,3.3
3/25/2021,196.41,201.01,269.7117,276.0268,232.2472,238.1682,1.8076,1.8523,198,1734.6,4.67,7099.13,2854.25,1494.77,3101.22,,,,46.65,2626.1,42,39.7,17.9,0.3,-3.6,4.2,3.3
3/26/2021,196.72,201.6,270.7005,277.8682,231.4562,238.0716,1.8026,1.8508,198.45,1727.04,4.67,7097.39,2866.66,1610.41,3100.45,,,,46.07,2530.9,42.5,38.7,18.4,0.3,-3.6,4.2,3.3
3/29/2021,197.28,201.77,271.9346,278.3447,232.3339,238.2552,1.796,1.8461,198.17,1732.39,4.97,7127.69,2884.14,2187.35,3113.69,,,,41.01,2462.5,47,30.3,22.3,0.4,-3.6,4.2,3.3
3/30/2021,196.83,201.93,271.9896,278.3944,231.9724,238.161,1.7941,1.8397,199.44,1709.02,4.95,7115.12,2881.67,7449.5,3108.57,,,,43.19,2673.2,44.2,28.3,27.1,0.3,-3.6,4.2,3.3
3/31/2021,197.62,202.04,269.8849,278.2425,229.8744,237.4016,1.7794,1.8322,199.04,1681.2,5.09,7121.28,2850.12,777.89,3111.26,,,,46.48,2674.1,42.2,33.3,22.6,1.9,-3.6,4.2,4.1
4/1/2021,197,202.1,270.8872,279.2492,230.3546,237.6821,1.7815,1.8344,199.22,1709.47,4.85,7193.28,2867.72,1543.36,3142.71,,,,47.38,2671.4,41.3,37.6,18.9,2.2,-3.6,4.2,4.1
4/5/2021,197.25,201.95,272.867,280.0819,231.3073,238.3815,1.7827,1.8324,199.38,1726.03,4.88,7217.83,2874.3,2097.83,3153.44,,,,48.22,2775.8,40.6,36.4,22.6,0.4,-3.6,4.2,4.1
4/6/2021,198,202.7,274.5648,282.1003,232.9319,239.9963,1.795,1.8424,199.75,1733.86,4.75,7280.27,2934.48,2483.62,3180.74,,,,50.08,2801.6,39.2,37.6,23.1,0.1,-3.6,4.2,4.1
4/7/2021,198.56,202.88,273.7659,281.1486,234.7038,241.4195,1.802,1.8554,199.01,1736.84,4.77,7310.26,2954.94,5164.89,3193.84,,,,48.74,2711.7,40.2,37,22.6,0.2,-3.6,4.2,4.1
4/8/2021,199.21,203.5,274.064,280.5288,235.518,242.1778,1.8123,1.8608,200.02,1735.29,4.85,7412.46,3002.71,3915.52,3238.49,,,,48.17,2738.4,40.7,37.9,21.3,0.1,-3.6,4.2,4.1
4/9/2021,199.04,203.59,273.3445,280.7333,235.9308,243.1128,1.8217,1.8718,199.87,1753.49,4.85,7458.27,3020.57,3607.07,3258.6,,,,47.79,2678.1,41,38.2,20.7,0.1,-3.6,4.2,4.1
4/12/2021,199.15,203.73,272.1778,279.9723,235.9324,242.9533,1.8217,1.8697,199.91,1739.29,4.96,7558.28,3064.65,3514.09,3310.42,,,,35.16,2160.8,50.1,22.3,27.5,0.1,-3.6,4.2,4.1
4/15/2021,199.808,204.628,276.0309,283.3963,238.3356,245.8497,1.8435,1.8915,200,1735.95,4.88,7644.38,3079.86,4717.99,3348.13,,,,28.82,1872.7,57.3,12.4,30.2,0.1,-3.6,4.2,4.1
4/16/2021,195.72,201.28,268.1955,278.0978,232.9598,241.659,1.7981,1.8625,199.93,1760.6,4.88,7600.57,3071.5,3557.65,3328.94,,,,30.49,1968.3,57.2,12.3,30.3,0.3,-3.6,4.2,4.1
4/19/2021,187.93,191.97,258.9133,266.1501,223.5543,230.2098,1.7275,1.7718,194.45,1777,5,7553.5,3042.15,2982.78,3308.33,,,,42.26,2436.4,42.4,32.6,23.3,1.6,-3.6,4.2,4.1
4/20/2021,190.2905,195.2145,266.6861,274.0476,229.5439,235.9148,1.7583,1.8115,191.97,1769.45,119.81,7355.11,2955.56,3691.9,3221.52,,,,44.35,2602,40.5,34.9,23.6,1,-3.6,4.2,4.1
4/21/2021,195.1,200.9,272.7549,283.0821,233.996,242.6057,1.8075,1.8863,191.88,1780.99,118.01,7433.44,2977.32,2957.9,3255.82,,,,45.66,2598.85,39.2,35,25.3,0.4,-3.6,5.1,4.1
4/22/2021,193.4075,199.3925,271.2791,280.6066,231.7657,240.9405,1.8008,1.868,192,1794.65,137.46,7327.91,2931.59,2609.15,3230.91,,,,45.62,2566.03,39.4,30.8,29.3,0.6,-3.6,5.1,4.1
4/23/2021,192.5105,198.4895,267.2587,277.3825,230.2537,239.4947,1.7949,1.861,191.94,1788.21,149,7232.65,2879.17,2366.87,3188.91,,,,43.82,2490,41,30.2,28.2,0.6,-3.6,5.1,4.1
4/27/2021,194.3865,199.4185,268.6749,276.6577,233.4294,240.7216,1.7951,1.8431,197.5,1774.8,155.7,7066.7,2802.06,1948.75,3115.74,,,,46.53,2696.6,38.3,33.1,27.8,0.7,-3.6,5.1,4.1
4/28/2021,194.86,199.52,269.7746,277.5029,234.4033,241.2896,1.7809,1.8378,197.5,1771.9,150.96,7239.94,2878.8,2171.89,3192.12,,,,47.78,2643.9,40,33.8,25.1,1.1,-3.6,5.1,4.1
4/29/2021,196.11,199.87,271.211,279.0066,235.7877,242.8161,1.7858,1.8429,199.75,1787.45,150.22,7216.7,2862.32,2520.77,3182.55,,,,47.45,2675.2,41.5,30.6,26.1,1.8,-3.6,5.1,4.1
4/30/2021,195.91,199.87,270.7253,278.8846,235.4849,242.5525,1.782,1.8386,199.54,1767.92,151.31,7208.2,2869.25,1144.36,3178.8,,,,44.99,2536.3,43.7,29,26.7,0.7,-3.6,5.1,3.9
5/3/2021,195.73,199.89,268.3446,276.4511,233.6182,240.6407,1.7705,1.8248,199.23,1773.03,147.69,7215.6,2850.09,2602.31,3182.06,,,,41.2,2325.7,47.1,23.2,29.5,0.2,-3.6,5.1,3.9
5/4/2021,195.18,199.93,269.6795,277.5349,234.2258,241.0167,1.7768,1.8293,199.69,1790.86,144.67,7111.45,2815.94,3019.78,3136.48,,,,40.92,2333.2,46,18.7,35,0.3,-3.6,5.1,3.9
5/5/2021,195.0848,199.941,270.2105,278.9624,233.211,241.3947,1.7806,1.8399,199.59,1780.83,145.93,7145.97,2832.67,890.29,3151.7,,,,42.19,2482.8,45.5,18.3,36,0.2,-3.6,5.1,3.9
5/6/2021,196.7723,201.8788,272.7822,280.6125,235.3953,242.4943,1.7903,1.8452,199.59,1786.5,150.55,7188.09,2838.96,1248.63,3170.28,,,,42.64,2335.5,46.2,21.2,32.2,0.4,-3.6,5.1,3.9
5/7/2021,197.5503,201.8988,273.6034,280.8819,237.2277,243.8777,1.7981,1.8493,199.52,1816.12,135.18,7242,2875.64,2783.67,3194.06,,,,41.79,2366.8,48.3,15.9,35.5,0.3,-3.6,5.1,3.9
5/10/2021,197.598,201.948,276.5915,283.3523,239.4485,245.6863,1.8108,1.8555,199.51,1831.74,139.76,7135.8,2838.19,2474.39,3149.64,,,,41,2400.6,47,16,36.2,0.8,-3.6,5.1,3.9
5/11/2021,197.598,201.948,278.5459,285.4994,239.1215,245.4918,1.8103,1.8551,199.58,1836.14,140.83,7143.38,2843.4,1167.83,3151.88,,,,42.07,2485.2,46,15.3,34.8,3.9,-3.6,5.1,3.9
5/12/2021,197.818,201.948,278.4809,285.2914,238.8127,245.1675,1.8111,1.8558,199.57,1830.28,132.67,7161.77,2850.43,1593.82,3160,,,,40.8,2397.3,46.4,11.9,36.9,4.8,-3.6,5.1,3.9
5/13/2021,197.3841,202.282,277.0518,285.1647,237.7574,245.0039,1.8037,1.8481,199.5,1822.05,130.56,7228.23,2869.52,1279.24,3189.32,,,,38.73,2196.2,47.1,8.7,40.5,3.8,-3.6,5.1,3.9
5/17/2021,197.5023,202.8977,278.2266,286.0825,239.2875,246.4532,1.8055,1.855,199.5,1850.17,114.39,7350.14,2941.07,2737.01,3243.11,,,,40.99,2483.3,45.6,8.3,41.4,4.8,-3.6,5.1,3.9
5/18/2021,198.2691,202.8494,279.1868,287.4769,239.6864,246.6438,1.8069,1.8573,199.79,1871.15,116.14,7355.14,2956.04,2667.93,3245.55,,,,43.36,2519.4,45.4,11.4,38.4,4.9,-3.6,5.1,3.9
5/19/2021,198.2989,202.8796,279.4503,287.7472,240.6335,247.8917,1.8138,1.8606,199.67,1866.79,124.95,7341.03,2953.68,2321.69,3239.32,,,,44.2,2497.75,44.4,15.2,33,7.5,-3.6,5.1,3.9
5/20/2021,198.1789,202.8796,278.5222,286.5184,239.9045,247.3765,1.8077,1.8581,199.66,1872.35,126.95,7293.59,2926.78,1306.22,3218.38,,,,42.53,2325.3,46.2,15.1,30.5,8.2,-3.6,5.1,3.9
5/21/2021,198.2989,202.8796,281.162,287.9602,241.7469,248.4593,1.8185,1.8635,199.9,1872.16,116.42,7220.72,2900.34,2288.52,3186.23,,,,40.32,2266.4,48.7,7.3,36.5,7.4,-3.6,5.5,3.9
5/24/2021,197.9103,202.8896,280.1111,287.2865,240.3905,247.4243,1.8152,1.8648,199.67,1886.19,120.57,7233.58,2900.61,1325.92,3191.91,,,,35.14,2112.7,41.1,0,48.4,10.5,-3.6,5.5,3.9
5/25/2021,198.0303,202.8896,280.7492,287.9302,241.3329,248.3849,1.818,1.8677,199.51,1875.67,121.86,7278.24,2925.87,1087.9,3211.61,,,,35.58,2071.4,38.5,0,52.9,8.7,-3.6,5.5,3.9
5/28/2021,197.9103,202.8896,281.0814,288.2628,240.5216,247.5574,1.798,1.848,199.56,1895.09,111.99,7333.42,2955.71,2890.98,3237.37,,,,35.63,2408.3,30.1,2.9,62.1,4.9,-3.6,5.5,3.9
5/31/2021,197.9103,202.8896,281.111,288.2978,240.7901,247.83,1.802,1.8494,199.5,1909.35,116.46,7403.44,2978.81,3337.67,3268.27,,,,37.98,2349.2,29.8,2.1,63.4,4.7,-3.6,5.5,4.5
6/1/2021,198.0283,202.8877,281.9971,289.1907,241.3668,248.415,1.8063,1.8538,199.5,1912.83,99.08,7450.54,3002.31,2910.8,3289.37,,,,38.64,2376,29.5,2.2,61.9,6.5,-3.6,5.5,4.5
6/2/2021,197.9103,202.8896,280.4057,287.581,241.2474,248.2941,1.8031,1.8506,199.5,1899.4,96.96,7436.55,3000.92,2138.59,3283.19,,,,39.1,2317.2,31.8,2.7,60.7,4.7,-3.6,5.5,4.5
6/3/2021,197.8103,202.8896,280.4408,287.7885,240.9332,247.9712,1.8035,1.8498,199.53,1906.08,99.47,7516.2,3025.76,2826.67,3318.35,,,,37.41,2155.8,29,1.6,65.1,4.3,-3.6,5.5,4.5
6/4/2021,198.1303,202.8896,278.2063,286.3147,238.6406,246.1072,1.7898,1.8406,199.69,1862.98,104.8,7567.38,3046.47,3158.06,3340.95,,,,35.34,2137.1,29.9,1.2,65.4,3.5,-3.6,5.5,4.5
6/7/2021,197.8103,202.8896,278.7832,287.1863,239.6904,247.0656,1.8011,1.853,199.69,1886.38,92.97,7591.9,3055.14,2103.27,3351.78,,,,35.57,2265.2,25.1,1.4,66,7.5,-3.6,5.5,4.5
6/8/2021,197.9283,202.8877,279.1271,287.5392,239.6491,247.3655,1.8008,1.8558,199.7,1897.79,111.42,7542.2,3033.01,2000.95,3339.52,,,,36.36,2155,25,0.7,65,9.4,-3.6,5.5,4.5
6/9/2021,197.9103,202.8896,279.1311,287.5436,239.7405,247.3866,1.8002,1.855,199.83,1892.34,105.64,7564.26,3042.47,1477.88,3349.29,,,,35.72,2120.4,23.9,1.2,66.3,8.7,-3.6,5.5,4.5
6/10/2021,197.9103,202.8896,279.5605,286.7233,239.4682,247.1891,1.8015,1.8536,199.68,1886.25,110.72,7601.16,3074.1,3227.22,3365.63,,,,36.78,2251.6,22.9,1,66.7,9.3,-3.6,5.5,4.5
6/11/2021,198.1303,202.8896,279.4018,287.8197,239.8602,247.5092,1.8035,1.8558,199.76,1899.99,110,7610.3,3067.03,2278.22,3369.68,,,,37.46,2245.7,23.6,1,66.4,9,-3.6,5.5,4.5
6/14/2021,198.1103,202.8896,278.5835,286.5629,238.0402,245.731,1.7949,1.8476,199.89,1865.79,88.4,7582.27,3054.94,1361.65,3357.26,,,,35.42,2212.8,25,0.3,65.9,8.9,-3.6,5.5,4.5
6/15/2021,197.9303,202.8896,278.5118,286.4946,238.5617,246.1835,1.7893,1.8419,199.5,1862.1,83.07,7605.53,3051.52,1745.03,3367.56,,,,36.53,2243.3,24,0.6,66.1,9.3,-3.6,5.5,4.5
6/16/2021,197.9303,202.8896,277.5228,285.8909,238.4944,246.1995,1.793,1.8413,199.72,1855.15,82.62,7641.19,3072.67,2714.64,3383.35,,,,37.81,2277.5,24.5,0.7,65.8,9,-3.6,5.5,4.5
6/17/2021,198.0303,202.8896,276.23,284.171,236.1525,243.7292,1.7802,1.8327,199.86,1822.75,79.8,7659,3079.59,3955.09,3391.49,,,,38.47,2335.5,25.6,0.8,64.9,8.7,-3.6,5.5,4.5
6/18/2021,198.0303,202.8896,274.8246,282.8988,234.8713,242.1358,1.7878,1.8405,199.83,1784,94.09,7715.46,3083.38,2330.68,3416.49,,,,39.31,2308.1,26,2,62.7,9.3,-3.6,5.5,4.5
6/21/2021,197.9103,202.8896,272.3783,280.4094,233.2892,240.8931,1.7929,1.8448,199.87,1774.4,87.29,7726.73,3064.45,1954.5,3421.48,,,,42.73,2478,28.6,9.7,57.7,4,-3.6,6.1,4.5
6/22/2021,198.0303,202.8896,274.2171,282.5205,234.6151,241.8713,1.788,1.8396,199.91,1785.04,89.78,7743.71,3026.08,1937.51,3428.6,,,,43.32,2452,30.3,13.1,51.6,5,-3.6,6.1,4.5
6/23/2021,197.9223,202.8977,274.5814,282.9155,234.5605,242.2036,1.7822,1.8335,199.89,1780.33,77.81,7742.14,3029.6,1551.64,3427.9,,,,42.81,2410,31.2,11.1,49.8,7.9,-3.6,6.1,4.5
6/25/2021,197.5223,202.8977,274.6012,282.9317,235.2454,242.5373,1.7804,1.8318,199.87,1779.25,91.62,7809.15,3042.63,1214.14,3457.57,,,,41.24,2451,31.9,12,51,5.1,-3.6,6.1,4.5
6/28/2021,197.3063,202.8977,274.0212,281.9384,234.9134,242.1902,1.7835,1.833,199.89,1774.33,105.21,7877.84,3037.78,1568,3487.98,,,,42.09,2514,38.8,5.5,49.8,5.8,-3.6,6.1,4.5
6/29/2021,197.3063,202.8977,273.2772,281.5776,234.7046,241.9864,1.7864,1.8357,199.9,1775.38,116.01,7856.64,3002.96,2304.12,3478.6,,,,43.87,2482.6,43.8,8.5,42.4,5.3,-3.6,6.1,4.5
6/30/2021,197.3263,202.8977,273.1709,281.3274,234.1223,241.761,1.7867,1.8361,201.14,1764.45,91.25,7837.76,2968.26,1713.97,3470.24,,,,43.71,2468.3,34,18.8,40.1,7.1,-3.6,6.1,5.2
7/1/2021,197.4023,202.8977,272.4233,280.5665,233.5765,240.709,1.7771,1.8264,200.78,1772.38,73.26,7728.61,2956.12,1420.11,3421.91,,,,42.61,2313.3,30.8,23.1,38,8.1,-3.6,6.1,5.2
7/2/2021,198.2183,202.8977,271.4644,279.59,232.9338,240.5538,1.769,1.8181,200.52,1777.94,82.2,7746.56,2970.75,1777.78,3429.86,,,,41.1,2420.3,31.9,16.1,43.6,8.4,-3.6,6.1,5.2
7/5/2021,197.5023,202.8977,272.5722,280.7142,233.3804,240.8073,1.7768,1.8281,199.91,1788.43,81.06,7794.21,2952.96,1418.42,3450.95,,,,41.63,2440.6,31.5,20.4,47,1.1,-3.6,6.1,5.2
7/6/2021,197.8023,202.8977,273.9196,281.8519,234.0005,241.1405,1.7809,1.8323,199.9,1797.97,84.79,7792.21,2931.31,1353.17,3450.07,,,,42.15,2425.1,31.1,24.1,42.5,2.3,-3.6,6.1,5.2
7/7/2021,198.1183,202.8977,272.0353,280.1731,233.0176,240.1379,1.7856,1.837,199.9,1801.36,91.5,7809.38,2936.41,1355.64,3457.67,,,,42.58,2434.7,30.7,24.7,39.4,5.2,-3.6,6.1,5.2
7/8/2021,197.9023,202.8977,271.7648,279.8926,232.3774,239.4819,1.7854,1.8369,199.9,1798.39,85,7811.61,2955.88,1241.97,3458.66,,,,42.85,2434.1,30.7,26.1,39.1,4.1,-3.6,6.1,5.2
7/9/2021,197.9023,202.8977,271.5999,279.723,233.304,240.4245,1.7962,1.8478,199.9,1804.64,85.17,7852.19,2979.01,3448.92,3476.63,,,,41.82,2291.6,31.3,28,32.3,8.4,4.3,6.1,5.2
7/12/2021,198.2183,202.8977,271.8023,279.9368,233.7069,241.1356,1.7921,1.843,199.91,1806.31,81.03,7866.47,2987.75,2262.99,3482.56,,,,39.72,2407.2,27.4,8.3,57,7.3,4.3,6.1,5.2
7/13/2021,198.3183,202.8977,274.2821,282.2035,233.5065,241.1295,1.7732,1.8296,199.9,1810.42,88.82,7913.47,3002.27,1930.36,3503.36,,,,42.07,2453.2,27.3,12.6,52.7,7.4,4.3,6.1,5.2
7/14/2021,197.9023,202.8977,272.5144,280.6636,232.2462,239.3406,1.7857,1.8361,199.9,1810.64,89.78,7939.35,3012.17,2051.32,3514.82,,,,43.19,2488,26.8,18.1,51.3,3.8,4.3,6.1,5.2
7/15/2021,198.1183,202.8977,272.6837,280.8285,233.1126,240.234,1.7959,1.8463,199.9,1826.16,69.4,7986.45,3031.32,1936.71,3538.43,,,,43.69,2475.9,26.6,17.2,53.6,2.6,4.3,6.1,5.2
7/16/2021,198.1223,202.8977,272.7038,280.8486,232.7983,239.9177,1.7947,1.8431,199.9,1826.65,61.77,7966.95,3030.27,3078.66,3529.79,,,,43.56,2511.1,26.7,17.2,50.5,5.6,4.3,6.1,5.2
7/19/2021,197.9023,202.8977,271.2039,279.3156,232.6338,239.7443,1.7957,1.8474,199.89,1813.62,53.59,8022.55,3081.94,6223.78,3554.42,,,,42.46,2515.5,27.4,21.7,45,5.9,4.3,6.1,5.2
7/20/2021,197.9023,202.8977,270.9479,277.8661,232.5223,239.6311,1.8012,1.8529,199.9,1818.26,1.83,8068.33,3095.09,4885.33,3575.5,,,,44.13,2518.1,26.4,23.6,44.2,5.8,4.3,6.1,5.2
7/22/2021,197.9223,202.8977,270.2152,278.3026,232.006,239.6001,1.6811,1.7286,199.9,1801.27,0.03,8136.76,3092.31,5666.78,3605.82,,,,44.62,2423.2,24.7,24.2,42.3,8.8,4.3,6.1,5.2
7/26/2021,197.9023,202.8977,271.1898,279.2107,231.6099,239.2056,1.7888,1.8383,199.93,1805.6,18.7,8122.73,3060.01,4600.54,3599.6,,,,39.64,2304.48,28.7,17.2,45.2,9,4.3,6.1,5.2
7/27/2021,197.8023,202.8977,272.5824,280.7279,232.6615,239.7727,1.7908,1.8404,199.91,1796.62,21.85,8092.98,3048.22,2313.79,3586.42,,,,40.53,2433.8,27,13.3,51.6,8.2,4.3,6.1,5.2
7/28/2021,197.9023,202.8977,273.7057,281.8769,233.0575,240.1782,1.7977,1.8474,199.9,1803.1,20.52,8096.98,3050.99,1806.55,3588.19,,,,42.74,2468.72,30.1,12.5,49.5,7.9,4.3,6.1,5.2
7/29/2021,197.6023,202.8977,274.7954,282.7315,233.6481,240.7736,1.7982,1.8479,199.9,1815.45,23.89,8140.76,3071.54,2493.2,3607.6,,,,43.31,2539.8,32.2,12.6,48.5,6.6,4.3,6.1,5.2
7/30/2021,198.3983,202.8977,275.3447,283.3051,233.6903,241.3205,1.8026,1.8524,199.9,1828.73,8.72,8120.48,3062.17,2547.3,3598.61,,,,44.4,2508,29.6,17,48.3,5.1,4.3,6.1,5.7
8/2/2021,197.2063,202.8977,273.9786,282.1525,233.9366,241.08,1.7997,1.8514,199.9,1812.13,53.62,8148.02,3072.38,4094.53,3610.81,,,,43.83,2495.9,45,14.4,34,6.6,4.3,6.1,5.7
8/3/2021,198.0983,202.8977,273.9725,282.1468,234.02,241.165,1.8066,1.8585,199.9,1811.77,56.5,8222.55,3111.15,6647.54,3643.84,,,,45.16,2531.6,43.8,17.6,31.3,7.3,4.3,6.1,5.7
8/4/2021,198.0983,202.8977,274.7715,282.709,234.0004,241.1405,1.811,1.8629,199.9,1813.15,58.47,8210.31,3109.97,5682.22,3638.42,,,,45.66,2539.8,42.5,20.3,31.1,6.1,4.3,6.1,5.7
8/5/2021,198.3183,202.8977,273.7779,281.9524,233.2523,240.38,1.8,1.8516,199.9,1809.98,60.92,8011.94,3037.61,5066.97,3550.51,,,,45.42,2534.4,43.4,19,30.2,7.4,4.3,6.1,5.7
8/6/2021,198.3183,202.8977,274.464,282.657,233.0296,240.154,1.7968,1.8485,199.9,1801,48.32,8099.12,3056.02,4079.16,3589.15,,,,45.22,2499.6,43.6,17.7,33.8,4.9,4.3,6.1,5.7
8/9/2021,197.8023,202.8977,273.4396,281.6059,231.7586,238.8505,1.7911,1.8407,199.91,1740.04,53.89,8101.39,3039.06,3884.59,3590.15,,,,40.89,2397.8,43.9,4.8,42.2,9,4.3,6.1,5.7
8/10/2021,198.1983,202.8977,272.9684,281.1233,231.3193,238.3962,1.7891,1.8386,199.9,1735.34,47.44,8070.88,3032.24,4730.7,3576.63,,,,41.44,2462.3,44.9,5.1,43.6,6.5,4.3,6.1,5.7
8/11/2021,198.2983,202.8977,272.7036,280.8492,230.5287,238.1012,1.7841,1.8334,199.92,1732.04,39.53,8095.57,3041.17,2912.69,3587.57,,,,43.12,2481.9,45.1,7.9,42.9,4.1,4.3,6.1,5.7
8/12/2021,197.6023,202.8977,273.5063,281.6697,231.3935,238.4798,1.7893,1.8377,199.92,1750.09,33.21,7980.91,2989.02,4136.25,3550.35,,,,42.31,2459.4,45.9,9.4,41.5,3.2,4.3,6.1,5.7
8/13/2021,198.5983,202.8977,273.6628,280.615,231.7755,238.5758,1.7943,1.8404,199.92,1755.54,15.49,7996.04,2990.91,2321.26,3557.08,,,,41.83,2483.4,43.6,8.6,45.1,2.7,4.3,6.1,5.7
8/16/2021,198.3983,202.8977,274.4317,281.55,232.8484,239.6734,1.8112,1.8582,199.98,1778,-17.45,7937.28,2977.31,834.43,3530.94,,,,41.68,2482.7,46,7.2,41.1,5.7,4.3,6.1,5.7
8/17/2021,198.1983,202.8977,273.0112,281.0384,232.022,239.3115,1.8122,1.8631,199.92,1786.41,-22.04,8134.52,3028.56,2907.98,3618.68,,,,42.5,2480.9,44.9,5.3,40.9,8.8,4.3,6.1,5.7
8/18/2021,198.3983,202.8977,271.5656,279.8076,231.2632,238.3625,1.8095,1.8608,199.9,1789.18,-32.37,8342.85,3073.42,6378.04,3711.36,,,,42.17,2441.5,46.1,4,40.8,9.1,4.3,6.1,5.7
8/19/2021,197.8983,202.8977,270.9381,279.4326,230.2697,237.7183,1.7892,1.8548,199.9,1781.14,-22.11,8260.08,3047.07,5459.66,3676.75,,,,41.96,2492.9,45.5,3.4,43.4,7.7,4.3,6.1,5.7
8/20/2021,198.1983,202.8977,269.0248,277.4553,230.3613,237.8147,1.7953,1.8613,199.9,1783,9.15,8240.06,3051.64,5605.66,3667.84,,,,42.38,2419,45.8,6.2,42.2,5.9,4.3,6.1,5.7
8/23/2021,197.9023,202.8977,269.5267,278.2913,230.8826,238.5628,1.8021,1.8652,199.9,1786.2,14.62,8479.65,3147.96,10802.39,3774.49,,,,38.28,2393,49.9,3.4,40.3,6.4,4.3,6.8,5.7
8/24/2021,197.9023,202.8977,272.228,280.6295,232.4802,239.7746,1.8039,1.8671,199.9,1801.99,10.26,8667.95,3175.73,9958.41,3858.31,,,,40.26,2388.2,48.9,4.7,37.5,9,4.3,6.8,5.7
8/25/2021,197.9023,202.8977,272.3181,280.7296,232.4621,239.7589,1.8026,1.8658,199.9,1794.09,12.12,8756.63,3183.73,7303.74,3901.53,,,,39.67,2287.3,48.3,4.1,37.8,9.8,4.3,6.8,5.7
8/26/2021,197.9023,202.8977,273.5926,282.5707,232.3467,240.5553,1.8085,1.8714,199.95,1788.85,13.71,8920.71,3327.08,10498.12,3974.63,,,,37.61,2231.2,49.7,0,38.7,11.6,4.3,6.8,5.7
8/27/2021,198.1023,202.8977,272.4489,282.0813,232.3994,240.3678,1.804,1.8754,200,1797.05,13.26,8931.33,3345.25,16487.1,3979.93,,,,36.74,2263,46.4,0,39.9,13.7,4.3,6.8,5.7
8/30/2021,197.9023,202.8977,275.066,284.3223,233.1744,241.3938,1.8194,1.8824,202.62,1816.29,-0.48,8894.44,3310.37,12853,3963.49,,,,36.29,2299.8,34.8,5,50.2,10,4.3,6.8,5.7
8/31/2021,198.9023,204.8977,276.8136,288.3629,235.5881,244.4379,1.827,1.9092,210,1812.87,-41.04,8997.6,3364.59,10865.81,4009.46,,,,38.94,2363.5,33.8,9.3,48.6,8.4,4.3,6.8,6
9/1/2021,198.8649,203.8701,282.6031,292.7134,237.897,245.8991,1.8779,1.934,210,1811.86,-205.61,9163.13,3428.72,14614.23,4083.22,,,,39.54,2310.9,30,19.7,41.3,9,4.3,6.8,6
9/2/2021,198.5008,202.9992,289.0575,298.6992,248.8222,258.085,1.9057,1.9805,210,1813.4,-214.7,9335.98,3500.89,12032.51,4160.25,,,,38.67,2275.5,29.4,20.8,42.5,7.3,4.3,6.8,6
9/3/2021,198.5008,202.9992,290.3634,300.1876,249.5352,259.009,1.9064,1.9834,207.35,1814.36,-181.72,9316.65,3494.76,9387.95,4151.63,,,,38.12,2286.2,30,21.5,42.9,5.6,4.3,6.8,6
9/6/2021,198.5,203,307.1355,317.4765,263.5472,273.5229,2.0162,2.0969,207.35,1827.89,-181.04,9227.88,3452.41,7733.71,4112.03,,,,37.01,2315.7,31.6,12.6,44.5,11.3,4.3,6.8,6
9/7/2021,198.5008,202.9992,273.5072,282.3223,234.9138,243.5209,1.7959,1.8662,207.35,1826.16,-185.84,9092.74,3415.46,8665.26,4051.81,,,,38.69,2365.8,32.4,8.3,47.6,11.8,4.3,6.8,6
9/8/2021,198.5008,202.9992,272.2033,280.9974,234.2577,242.8528,1.788,1.8581,199.95,1799.87,-192.02,8764.21,3313.02,10439.53,3905.42,,,,39.02,2360.3,29.2,11.9,47.2,11.8,4.3,6.8,6
9/9/2021,198.5008,202.9992,271.8738,280.6645,233.72,242.3068,1.7901,1.8602,199.98,1789.95,-191.84,8986.4,3376.04,5793.73,4004.43,,,,39.51,2383.7,29,15.5,47.9,7.7,4.3,6.8,6
9/10/2021,198.5008,202.9992,273.2737,282.0842,233.7556,242.3416,1.7968,1.867,200,1797,-162.78,8865.3,3335.51,6914.93,3950.47,,,,40.77,2415,42,8.6,38.9,10.5,4.3,6.8,6
9/13/2021,198.5008,202.9992,272.6693,281.978,233.3925,241.9723,1.794,1.8642,200,1790.05,-158.21,8536.88,3204.07,6763.51,3804.12,,,,40.9,2396,46.8,5.8,36,11.5,4.3,6.8,6
9/14/2021,198.5008,202.9992,273.3136,282.1246,233.4671,242.0481,1.7914,1.8616,200,1792.6,-175.45,8692.6,3256.32,3589.27,3873.51,,,,41.97,2434.3,45.8,7.1,36.8,10.3,4.3,6.8,6
9/15/2021,198.5008,202.9992,272.6513,281.4524,233.5417,242.124,1.8001,1.8704,200,1803.52,-185.05,8931.21,3332.26,5496.87,3979.83,,,,42.77,2420,45.3,7.6,37.5,9.7,4.3,6.8,6
9/16/2021,198.5008,202.9992,273.3838,282.1952,233.7081,242.2932,1.8045,1.8749,200.01,1795.55,-209.83,8848.04,3309.99,3956.87,3942.77,,,,41,2402.7,46.9,7.5,38.1,7.4,12.3,6.8,6
9/17/2021,198.5008,202.9992,272.3482,281.1438,232.6144,241.1797,1.7955,1.8657,200,1756.99,-206.6,8801.95,3291.87,3801.15,3922.23,,,,41.12,2383.2,47.4,7.7,40.3,4.6,12.3,6.8,6
9/21/2021,198.5008,202.9992,269.8834,278.6416,232.0651,240.621,1.8007,1.871,199.93,1764.16,-200.85,8770.39,3266.79,1708.02,3908.17,,,,41.8,2383.8,45.9,9.2,36.1,8.8,12.3,6.7,6
9/22/2021,198.5008,202.9992,269.9737,278.732,231.921,240.4743,1.8024,1.8727,199.63,1777.6,-203.09,8788.05,3283.5,2560.03,3916.04,,,,43.67,2492.6,45.6,10.8,38.7,4.9,12.3,6.7,6
9/23/2021,198.5008,202.9992,269.1217,277.8682,231.2346,239.7761,1.7945,1.8647,199.9,1763.21,-208.04,8830.35,3313.42,2023.52,3934.89,,,,45.1,2471.6,43.7,14.2,38.2,3.9,12.3,6.7,6
9/24/2021,198.5008,202.9992,271.0442,279.8188,232.1648,240.7221,1.787,1.8571,200.26,1750.75,-200.61,8940.11,3347.81,2906.48,3983.8,,,,44.41,2316.7,44.3,17.1,37.6,1,12.3,6.7,6
9/27/2021,198.5008,202.9992,270.0623,278.8239,231.8062,240.3582,1.7822,1.8522,200,1758.92,-99.9,9269.65,3416.12,6774.92,4130.83,,,,40.3,2343.1,38.2,0.9,49.9,11,12.3,6.7,6
9/28/2021,198.5008,202.9992,270.4104,279.1781,231.0902,239.6296,1.7749,1.8447,200.03,1753.52,-119.34,9339.28,3444.06,6662.34,4161.86,,,,40.68,2276.3,36.1,2.8,51.5,9.6,12.3,6.7,6
9/29/2021,198.5008,202.9992,267.1997,275.9171,230.9459,239.4829,1.7671,1.8368,199.99,1738.56,-122.19,9433.77,3504.14,5959.63,4203.97,,,,42.1,2403.1,29.8,13.9,53.2,3.2,12.3,6.7,6
9/30/2021,198.5008,202.9992,265.4173,274.1074,229.4296,237.9393,1.7629,1.8326,199.99,1732.74,-119.58,9459.94,3534.82,6942.35,4215.63,,,,43.71,2486.8,29.8,21.3,46.7,2.2,12.3,6.7,5.7
10/1/2021,198.5008,202.9992,265.6306,274.3255,228.7623,237.2622,1.772,1.8418,200.7,1755.42,-136.51,9442.3,3539.55,5280.07,4207.68,,,,34.32,2011.8,37.9,44.8,15.2,2.1,12.3,6.7,5.7
10/4/2021,198.5008,202.9992,267.435,276.1535,229.3458,237.8526,1.7766,1.8465,200.14,1759.86,-9.86,9542.33,3540.24,3620.02,4252.26,,,,42.07,2407.4,31,19.6,47.3,2,12.3,6.7,5.7
10/5/2021,198.5008,202.9992,268.4143,277.1507,229.4595,237.9696,1.7751,1.8449,200,1763.59,-44.84,9533.64,3539.74,4715.59,4248.39,,,,41.23,2302.3,31.6,16.4,49.6,2.3,12.3,6.7,5.7
10/6/2021,198.5008,202.9992,268.9222,277.6663,229.1761,237.6812,1.7664,1.8362,200.06,1757.76,-48.05,9626.45,3602.46,4109.44,4289.75,,,,40.67,2396.2,32,14,49.5,4.5,12.3,6.7,5.7
10/7/2021,198.5008,202.9992,268.2159,276.9479,228.4401,236.9323,1.7692,1.8389,200.04,1759.09,-48.21,9671,3619.47,3497.34,4309.6,,,,42.7,2496.2,30.5,14,46.8,8.6,12.3,6.7,5.7
10/8/2021,198.5008,202.9992,268.8926,277.6358,228.5097,237.0032,1.7629,1.8325,202.98,1759.23,-30.41,9678.89,3613.14,3046.42,4313.12,,,,43.69,2503.5,29.7,13.8,47.4,9.2,12.3,6.7,5.7
10/11/2021,198.5008,202.9992,269.4957,278.2467,228.8433,237.3418,1.7537,1.8232,202.4,1758.8,-43.95,9649.26,3570.08,2577.18,4299.91,,,,42.85,2450.7,41.5,3.3,46.3,9,12.3,6.7,5.7
10/12/2021,198.5008,202.9992,268.2993,277.0349,228.3454,236.8363,1.7386,1.8079,202.4,1758.35,-43.01,9640.36,3569.39,2059.74,4295.95,,,,43.66,2431,40.1,5.7,48.6,5.6,12.3,6.7,5.7
10/13/2021,198.5008,202.9992,268.8524,277.5956,228.4499,236.9426,1.7383,1.8076,200,1762.77,-38.58,9497.49,3506.91,3388.33,4232.28,,,,44.47,2532.7,39.1,5.3,50,5.5,12.3,6.7,5.7
10/14/2021,198.5008,202.9992,269.7938,278.5505,229.2013,237.7061,1.7372,1.8064,200,1788.44,-34.8,9621.65,3547.1,2648.54,4287.61,,,,45.77,2579.8,38.8,5.9,46,9.3,12.3,6.7,5.7
10/15/2021,198.5008,202.9992,270.0285,278.7885,229.3297,237.8372,1.7307,1.7999,201.25,1795.45,-62.32,9623.81,3546.61,3481.28,4288.57,,,,46.28,2584.2,39.1,6.3,44.9,9.6,12.3,6.7,5.7
10/18/2021,198.5008,202.9992,271.3128,280.093,229.2004,237.7058,1.7278,1.7969,200.09,1771.05,-85.58,9709.14,3553.45,2746.86,4326.59,,,,43.98,2497.6,39.8,2.9,47.7,9.5,12.3,6.7,5.7
10/21/2021,198.5008,202.9992,273.0244,281.8319,230.5428,239.0733,1.7239,1.7929,200.51,1788.85,-99.52,9881.5,3572.7,4268.52,4403.4,,,,43.19,2477.3,40.1,7.2,52.3,0.4,12.3,6.2,5.7
10/22/2021,198.5008,202.9992,272.6021,281.4014,229.9368,238.4554,1.7269,1.796,201.05,1786.95,-134.34,9915.22,3605.72,4462.56,4418.43,,,,44.21,2395.4,33.5,12.7,53.3,0.4,12.3,6.2,5.7
10/25/2021,198.5008,202.9992,271.8694,280.659,230.2,238.7239,1.7341,1.8033,201.98,1793.73,-142.68,10046.8,3644.73,6853.65,4477.06,,,,43.81,2475.6,29.5,18.1,51.9,0.5,12.3,6.2,5.7
10/26/2021,198.5008,202.9992,271.8352,280.623,229.4498,237.9593,1.7316,1.8007,203,1805,-156.18,10127.04,3659.73,6717.04,4512.83,,,,42.45,2366.5,30.3,14.9,54.2,0.5,12.3,6.2,5.7
10/27/2021,198.5008,202.9992,271.8847,280.6738,229.3653,237.8732,1.7274,1.7964,202.21,1788.78,-157.74,10146.9,3698.72,5084.13,4521.67,,,,42.46,2360.1,28.3,12.8,58.5,0.5,12.3,6.2,5.7
10/28/2021,198.5008,202.9992,271.1368,279.9166,229.3288,237.8393,1.7339,1.8031,200.03,1800.33,-136.97,10137.85,3687.56,4184.76,4518.11,,,,42.73,2406.5,27.1,9.8,61.4,1.8,12.3,6.2,5.7
10/29/2021,198.5008,202.9992,272.3428,281.1388,230.912,239.4467,1.737,1.8063,201.87,1797.5,-142.85,10162.93,3708.52,4935.7,4529.29,,,,42.73,2406.5,27.1,9.8,61.4,1.8,12.3,6.2,7.6
11/1/2021,198.5008,202.9992,270.122,278.8846,228.4948,236.988,1.7279,1.797,201.95,1785.8,-167.26,10132.12,3678.35,3701.23,4515.56,,,,41.55,2356,26.2,6,67.3,0.5,12.3,6.2,7.6
11/2/2021,198.5008,202.9992,269.5648,278.3181,229.3023,237.8099,1.7291,1.7982,202.5,1791.19,-175.94,10271.71,3668.56,4422.11,4577.77,,,,42.6,2387,25.8,7.1,66.7,0.4,12.3,6.2,7.6
11/3/2021,198.5008,202.9992,269.0765,277.8224,228.9785,237.4803,1.731,1.8002,202.56,1781.19,-165.11,10412.02,3656.6,6106.85,4640.31,,,,42.9,2409.1,26,6.9,66.8,0.3,12.3,6.2,7.6
11/5/2021,198.5008,202.9992,266.2887,274.9919,228.3609,236.8511,1.7349,1.8041,202.62,1794.95,-156,10632.21,3635.2,5604.81,4738.44,,,,41.45,2389.8,25.4,5.1,67.9,1.6,12.3,6.2,7.6
11/8/2021,198.5008,202.9992,266.0299,274.729,228.4601,236.9525,1.7357,1.8049,200.31,1819.84,-192.21,10621.4,3649.94,8265.61,4733.62,,,,39.17,2230.9,26.7,2.5,64.8,5.9,12.3,6.2,7.6
11/9/2021,198.5008,202.9992,267.7774,276.5034,229.022,237.5242,1.744,1.8134,202.05,1824.68,-204.79,10361.8,3604.06,12215.42,4617.92,,,,39.11,2301.4,23.1,1.3,68.7,6.9,12.3,6.2,7.6
11/10/2021,198.5008,202.9992,267.5235,276.2455,229.1363,237.6407,1.7462,1.8156,202.38,1828.15,-193.34,10522.6,3632.4,5717.4,4692.43,,,,40.05,2375.4,24.1,2.3,69.6,4,12.3,6.2,7.6
11/11/2021,198.5008,202.9992,264.71,273.3899,226.9186,235.3839,1.7283,1.7974,201.41,1844.34,-200.09,10686.37,3625.37,6883.04,4765.98,,,,41.26,2432.2,24.8,2.1,68.4,4.7,12.3,6.2,7.6
11/12/2021,198.5008,202.9992,263.68,272.343,226.1229,234.5744,1.7252,1.7942,202.35,1857.73,-188.2,10666.54,3615.95,5155.98,4757.14,,,,42.22,2413.7,23.4,1.9,66,8.7,12.3,6.2,7.6
11/15/2021,198.5008,202.9992,265.1781,273.865,226.536,234.9941,1.7315,1.8006,202.05,1859.73,-211.03,10752.82,3598.38,6912.68,4795.62,,,,41.08,2421.1,25.7,4.3,65.4,4.7,12.3,6.2,7.6
11/16/2021,198.5008,202.9992,265.0638,273.7488,224.9662,233.3976,1.7253,1.7943,202.05,1867.86,-226.22,11008.33,3606.85,10272.52,4912.81,,,,42.51,2474,25.4,3.4,67.1,4,12.3,6.2,7.6
11/17/2021,198.5008,202.9992,265.1697,273.8549,223.8524,232.2625,1.7169,1.7858,201.34,1854.35,-226.68,11024.89,3652.66,10254.79,4920.2,,,,43.26,2435.5,25.3,5.8,67.7,1.3,12.3,6.2,7.6
11/19/2021,198.5008,202.9992,266.3829,275.0883,224.5665,232.9907,1.7245,1.7936,202.19,1861.81,-224.74,10658.72,3674.58,9393.8,4756.78,,,,41.56,2387.3,25.5,3.3,62.5,8.8,12.3,6.2,7.6
11/22/2021,198.5008,202.9992,265.239,273.9246,222.8666,231.2595,1.7266,1.7956,202.2,1846.7,-223.46,10817.24,3698.12,6154.93,4827.53,,,,42.96,2582.1,26.3,7.1,65.9,0.7,12.3,8.3,7.6
11/23/2021,198.5008,202.9992,264.4428,273.1154,222.057,230.4339,1.7151,1.7839,202.42,1809.54,-233.68,10928.6,3747.53,6617.87,4877.26,,,,44.29,2492.1,26.9,8,63.9,1.3,12.3,8.3,7.6
11/24/2021,198.5008,202.9992,264.1476,272.8185,222.2149,230.5969,1.7116,1.7804,200.78,1793.89,-224.1,10910.06,3751.06,7560.64,4868.99,,,,43.02,2414.2,25.7,5.1,66.7,2.6,12.3,8.3,7.6
11/25/2021,198.5008,202.9992,263.3115,271.969,221.9868,230.516,1.708,1.7768,200.97,1793.49,-211.69,11025.73,3767.41,9980.32,4920.61,,,,43.45,2442.5,25.9,6.1,65.8,2.1,12.3,8.3,7.6
11/26/2021,198.5008,202.9992,262.6398,271.2861,222.166,230.698,1.7157,1.7846,201.21,1792.02,-194.49,11197.68,3822.61,9145.26,4997.35,,,,42.6,2494.1,26.5,6.5,66.2,0.8,12.3,8.3,7.6
11/29/2021,198.5008,202.9992,263.3368,271.9938,223.5286,232.0843,1.7356,1.8048,201.76,1793.51,-159.31,11202.09,3829.65,8970.84,4999.32,,,,41.14,2501.6,29,8.5,61.3,1.2,12.3,8.3,7.6
11/30/2021,198.5008,202.9992,263.0174,271.671,223.741,232.495,1.7337,1.8028,202.05,1789.15,-220.3,11440.53,3875.96,10054.53,5105.73,,,,41.14,2501.6,29,8.5,61.3,1.2,12.3,8.3,9.9
12/1/2021,198.5008,202.9992,262.5252,271.1699,224.2742,232.8435,1.7382,1.8074,202.05,1778.64,-218.33,11409.88,3905.65,11075.23,5092.05,,,,42.79,2470.6,28.5,8.4,62.6,0.5,12.3,8.3,9.9
12/2/2021,198.5008,202.9992,262.6092,271.2564,224.5024,233.0767,1.7452,1.8145,201.93,1781.29,-233.81,11252.3,3912.88,6479.5,5021.73,,,,43.3,2531.5,28.5,8.8,61.4,1.3,12.3,8.3,9.9
12/3/2021,198.5008,202.9992,262.3757,271.0184,223.7719,232.3325,1.7434,1.8128,200.45,1771.5,-264.8,10988.32,3884.57,7082.19,4903.91,,,,32.28,2003,16.1,13.7,69.9,0.3,12.3,8.3,9.9
12/6/2021,198.5008,202.9992,261.2651,269.8915,223.6718,232.2319,1.7444,1.8137,202.25,1786.49,-252.56,11034.41,3947,6735.33,4924.49,,,,43.04,2246.6,10.8,21.5,67.6,0.1,12.3,8.3,9.9
12/7/2021,198.5008,202.9992,262.0208,270.3537,223.4676,232.0348,1.7376,1.8032,200.01,1780.67,-244.95,11088.17,3964.42,6019.82,4948.48,,,,43.5,2314.3,12.7,20.4,65.3,1.6,12.3,8.3,9.9
12/8/2021,198.5008,202.9992,261.7223,270.0502,223.478,232.0446,1.7385,1.8041,201.59,1789.88,-237.81,11021.07,3959.84,5674.43,4918.53,,,,44.4,2266.3,12.9,22.2,62.9,2,12.3,8.3,9.9
12/9/2021,198.5008,202.9992,260.7659,269.08,224.512,233.0972,1.7348,1.8004,201.22,1783.68,-248.86,11178.43,3985.89,5493.75,4988.76,,,,44.52,2374.7,15.3,22.6,59.5,2.6,12.3,8.3,9.9
12/10/2021,198.5008,202.9992,261.3884,269.7118,223.7761,232.3484,1.7399,1.8055,201.06,1779.27,-283.39,11393.48,4074.63,6995.51,5084.73,,,,44.71,2522.6,25.6,14.6,56.6,3.2,12.3,8.3,9.9
12/13/2021,198.5008,202.9992,261.8514,270.1819,223.9254,232.5001,1.7378,1.8034,201.33,1787.12,-304.97,11662.38,4193.28,8169.02,5204.74,,,,43.14,2286.4,15.1,27.3,54.3,3.3,12.3,8.3,9.9
12/14/2021,198.5008,202.9992,260.7687,269.0873,223.4659,232.0365,1.7367,1.802,201.87,1788.55,-296.28,11796.88,4248.54,8493.22,5268.09,,,,43.75,2314,16.1,27.1,54.5,2.3,12.3,8.3,9.9
12/15/2021,198.5008,202.9992,261.4009,269.7294,223.133,231.6973,1.7354,1.8006,201.87,1772.35,-299.05,11754.46,4233.02,7444.44,5252.43,,,,44.22,2420.2,29.2,17.3,50.2,3.2,-1.5,8.3,9.9
12/16/2021,198.5008,202.9992,261.8293,270.1639,223.6311,232.2025,1.729,1.7941,200.67,1782.42,-321.45,11678.65,4212.29,8395.25,5218.56,,,,44,2502.5,29.6,20.7,44.5,5.1,-1.5,8.3,9.9
12/17/2021,198.5008,202.9992,263.2476,271.6052,224.2367,233.0679,1.7357,1.8009,201.54,1802.59,-332.67,11753.44,4253.67,4799.23,5251.98,,,,44.61,2501.4,29.2,19.3,48.2,3.2,-1.5,8.3,9.9
12/20/2021,198.5008,202.9992,261.2217,269.5474,222.6061,231.4079,1.7373,1.8026,203,1800.66,-331.42,11650.1,4190.37,5419.79,5205.8,,,,43.95,2613.6,29.7,24.3,41.8,4.2,-1.5,8.3,9.9
12/21/2021,198.5008,202.9992,260.9378,269.2594,223.4558,232.2737,1.7359,1.8011,201.51,1791.26,-339.01,11640.91,4172.68,4019.6,5205.15,,,,45.61,2369.9,25.4,24.7,46.7,3.2,-1.5,11.1,9.9
12/22/2021,198.5008,202.9992,262.1329,270.4724,223.4812,232.2985,1.7293,1.7944,201.32,1788.97,-340.41,11814.37,4219.52,3798.44,5282.71,,,,45.59,2475.8,14.3,31.7,52.1,1.9,-1.5,11.1,9.9
12/23/2021,198.5008,202.9992,263.5792,271.9415,224.5848,233.4221,1.7286,1.7937,200.72,1806.12,-441.96,11951.23,4249.58,6619.03,5349.98,,,,44.61,2471.8,14.7,36.6,47.1,1.7,-1.5,11.1,9.9
12/24/2021,198.5008,202.9992,264.8635,273.2458,224.3262,233.159,1.7255,1.7905,200.92,1812.02,-355.55,12070.68,4253.83,2840.89,5403.45,,,,42.19,2471.4,30.1,27.3,40.8,1.7,-1.5,11.1,9.9
12/27/2021,198.5008,202.9992,264.7166,273.0962,224.1772,233.007,1.7249,1.7899,200.92,1810.61,-353.61,12008.49,4217.43,7320.22,5375.61,,,,42.27,2563.7,30.9,25.2,41.2,2.8,-1.5,11.1,9.9
12/28/2021,198.5008,202.9992,265.339,273.728,224.222,233.0526,1.7175,1.7824,201.5,1809.09,-356.31,11907.7,4202.64,5674.29,5330.92,,,,44.31,2618.8,29.4,28.4,39.5,2.6,-1.5,11.1,9.9
12/29/2021,198.5008,202.9992,265.2788,273.6678,223.8536,232.6785,1.719,1.784,201,1805.34,-352.46,11915.18,4201.55,5845.08,5334.27,,,,45.43,2660,28.4,30.2,38.4,3,-1.5,11.1,9.9
12/30/2021,198.5008,202.9992,266.7527,275.1639,224.719,233.5588,1.7152,1.7801,203,1802.68,-353.19,12019.75,4209.99,6459.14,5387.09,,,,45.63,2551.9,28.7,30.4,39.5,1.4,-1.5,11.1,9.9
12/31/2021,198.5008,202.9992,266.6779,275.0881,224.1969,233.0274,1.7147,1.7796,200.43,1815.04,-366.25,12226.01,4233.25,8238.42,5489.17,,,,43.96,2440.2,29.9,29.9,38.4,1.8,-1.5,11.1,12.1
1/3/2022,198.5008,202.9992,267.0423,275.4563,224.8891,233.7299,1.7121,1.7769,200.43,1827.7,-335.75,12625.82,4343.35,9639.79,5668.67,,,,43.54,2465.6,30.1,29,35.5,5.4,-1.5,11.1,12.1
1/4/2022,198.5008,202.9992,266.3,274.7035,223.9533,232.7795,1.7094,1.7742,200,1806.98,-303.41,12800.54,4377.06,10813.7,5747.12,,,,44.73,2579.7,29.5,29.1,36.4,5,-1.5,11.1,12.1
1/5/2022,198.5008,202.9992,267.4201,275.841,223.5556,232.3746,1.7007,1.7653,201.71,1815.33,-312.8,13076.91,4480.15,15560.61,5871.2,,,,45.06,2536.4,29.3,29.1,38.4,3.2,-1.5,11.1,12.1
1/6/2022,198.5008,202.9992,267.6296,276.053,224.0627,232.8909,1.7019,1.7666,201.05,1809.03,-332.22,13169.4,4515.09,9464.64,5912.73,,,,45.12,2397.8,29.2,24.4,42.3,4,-1.5,11.1,12.1
1/7/2022,198.5008,202.9992,267.6991,276.1239,223.8242,232.6478,1.7025,1.7672,201.33,1790.5,-324.45,13280.94,4554.99,11644.36,5965.36,,,,46.03,2370.4,28.7,24.6,44.8,1.9,-1.5,11.1,12.1
1/10/2022,198.5008,202.9992,268.5504,276.9884,224.7741,233.6141,1.7056,1.7703,201.9,1795.1,-324.51,13117.07,4544.43,8811.27,5891.75,,,,44.86,2571.1,29.2,33.7,35.6,1.5,-1.5,11.1,12.1
1/11/2022,198.5008,202.9992,268.46,276.8981,224.6494,233.4879,1.7106,1.7754,200.95,1806.44,-334.11,13079.65,4518.94,7938.93,5874.94,,,,45.06,2321,29.2,33,35.9,1.9,-1.5,11.1,12.1
1/12/2022,198.5008,202.9992,269.3905,277.8432,225.2398,234.0892,1.7115,1.7763,200.98,1819.75,-363.95,13122.95,4490.83,7771.01,5894.39,,,,46.57,2649.7,28.2,35.4,35.3,1.1,-1.5,11.1,12.1
1/13/2022,198.5008,202.9992,270.8847,279.3595,226.6307,235.5041,1.7219,1.7869,201.78,1824.59,-364.93,13338.49,4554.94,7069.65,5991.21,,,,45.02,2363.8,29.1,31.9,38.2,0.7,-1.5,11.1,12.1
1/18/2022,198.5008,202.9992,269.8148,278.2725,226.1464,235.0108,1.7232,1.7882,201.94,1821.79,-382.63,13457.2,4618.26,7110.91,6045.34,,,,45.41,2647.5,29.1,37.9,28.4,4.6,-1.5,11.1,12.1
1/19/2022,198.5008,202.9992,268.6543,277.0951,224.2415,233.0732,1.7201,1.7851,201.94,1813.11,-414.54,13462.39,4623.95,5566.54,6047.67,,,,44.7,2377.3,29.5,35.5,31.8,3.2,-1.5,11.1,12.1
1/20/2022,198.5008,202.9992,269.2675,277.7162,224.9587,233.8008,1.7267,1.7917,201.05,1839.71,-440.99,13361.17,4604.8,7077.71,6002.2,,,,45.14,2624.8,29.5,38.5,30.9,1.1,-1.5,11.1,12.1
1/21/2022,198.5008,202.9992,268.5747,277.0141,224.1121,232.9417,1.7334,1.7986,202.75,1840.03,-448.37,13371.61,4604.99,4952.44,6017.44,,,,44.22,2572.7,29.7,43.3,26.6,0.5,-1.5,14,12.1
1/24/2022,198.5008,202.9992,267.8876,276.3166,224.4946,233.0845,1.7332,1.7984,202,1836.57,-457.19,13384.11,4627.03,18423.46,6016.47,,,,45.17,2526.7,29,38.5,31.2,1.3,-1.5,14,12.1
1/25/2022,198.5008,202.9992,266.2505,274.6527,224.1427,232.7243,1.7337,1.7989,202.03,1840.89,-466.34,13210.17,4534.94,6099.7,5923.47,,,,45.24,2591.9,29,42.1,28.3,0.6,-1.5,14,12.1
1/26/2022,198.5008,202.9992,267.0714,275.4873,223.9675,232.5482,1.7326,1.7978,201.59,1847.73,-466.49,13065.75,4478.34,5340.61,5861.91,,,,45.94,2615.4,28.5,37.3,33.6,0.5,0,,
1/27/2022,198.5008,202.9992,265.6477,274.0414,222.4859,231.0402,1.7232,1.7882,202,1816.73,-452.19,12885.7,4400.91,7595.44,5732.94,,,,45.08,2572.1,29.1,38.7,30.2,2.1,0,,
1/28/2022,198.5008,202.9992,264.6122,272.9898,220.7904,229.3146,1.7093,1.774,201.19,1798.57,-458.96,12863.14,4380.55,6387.77,5730.36,,,,45.32,2599.5,29,38.2,29.8,3,0,,
1/31/2022,198.5008,202.9992,264.9507,273.3337,220.9993,229.5271,1.7084,1.7732,201.19,1788.98,-464.96,13009.5,4397.57,6934.25,5815.46,,,,45.32,2599.5,29,38.2,29.8,3,0,,
2/1/2022,198.5008,202.9992,265.5305,273.9579,222.6575,231.1765,1.7147,1.7788,201.97,1796.89,-473.67,12922.12,4344.42,9706.51,5763.88,,,,45.02,2418.5,29.1,35.9,32.6,2.4,0,,
2/2/2022,198.5008,202.9992,267.2001,275.6537,223.6185,232.1549,1.7201,1.7843,201.42,1799.32,-476.35,12584.02,4221.16,8930.07,5598.2,,,,46.64,2631.7,36.5,34.4,27.4,1.7,0,,
2/3/2022,198.5008,202.9992,267.9688,276.434,224.0962,232.6414,1.7256,1.7899,201.58,1806.56,-479.36,12762.6,4333.76,6468.13,5738.3,,,,43.1,2276.6,45.8,19.3,34.3,0.5,0,,
2/7/2022,198.5008,202.9992,267.328,275.7826,226.8096,235.4015,1.7115,1.7755,202,1810.53,-480.9,12631.69,4277.12,6049.75,5737.48,,,,46.39,2598.1,42.1,32.1,22.5,3.3,0,,
2/8/2022,198.5008,202.9992,267.2232,275.6767,226.655,235.2451,1.7103,1.7743,202.41,1821.91,-499.37,12382.47,4165.6,5374.84,5629.81,,,,46.85,2622.5,41.9,33.9,21.4,2.8,0,,
2/9/2022,198.5008,202.9992,267.7402,276.2031,226.47,235.0588,1.7098,1.7738,202.07,1827.81,-500.41,12081.69,4052.58,5288.41,5467,,,,47.1,2682.6,41.7,33.3,22,3,0,,
2/10/2022,198.5008,202.9992,267.288,275.7424,226.4561,235.0427,1.7083,1.7722,201.96,1833.75,-503.96,12207.46,4114.71,3565.81,5531.22,,,,47.44,2580.1,41.3,31.7,24,3,0,,
2/11/2022,198.5008,202.9992,267.6569,276.116,226.0938,234.6727,1.7009,1.7647,202,1825.59,-517.99,12459.8,4219.42,2986.27,5665.59,,,,47.37,2562.2,41.4,34.3,22.2,2.1,0,,
2/14/2022,198.5008,202.9992,267.5609,276.0191,224.9871,233.5469,1.7097,1.7736,201.01,1858.28,-537.36,12470.81,4235.35,2254.71,5671.21,,,,44.42,2523,43.3,30.2,22.9,3.5,0,,
2/15/2022,198.5008,202.9992,267.4014,275.8578,224.2805,232.8288,1.7101,1.7741,201,1871.71,-539.13,12364.8,4217.23,3232.21,5665.01,,,,45.18,2596,43.5,28.1,25.5,2.8,0,,
2/17/2022,198.5008,202.9992,268.4526,276.9256,226.6952,235.2686,1.7086,1.7726,202.01,1868.78,-540.25,12352.38,4224.63,3816.22,5656.4,,,,45.25,2639.5,43.5,31.1,23.3,2.1,0,,
2/18/2022,198.5008,202.9992,268.8712,277.3499,225.4014,234.9703,1.7136,1.7776,202.11,1890.62,-593.54,12134.04,4140.65,5145.88,5533.43,,,,45.18,2328.7,43.5,30.3,24.3,1.9,0,,
2/21/2022,198.5008,202.9992,268.9856,277.4663,225.188,234.7525,1.7161,1.7802,201.93,1896.56,-587.93,11591.37,3932.78,4225.09,5218.32,,,,45.73,2161.9,42.6,35.4,21.6,0.4,8.8,,
2/22/2022,198.5008,202.9992,268.3629,276.8346,224.1836,233.7302,1.7205,1.7847,202,1909.08,-622.32,11592.3,3936.96,2806.58,5220.6,,,,46.47,1977.9,42.5,32.1,24.6,0.8,8.8,,
2/23/2022,198.5008,202.9992,268.6569,277.1327,224.7355,234.292,1.7156,1.7797,201.19,1898.96,-628.26,11217.76,3791.57,4523.62,4990.57,,,,44.49,2254.3,44.4,28,24.9,2.6,8.8,,
2/24/2022,198.5008,202.9992,267.3774,275.8335,223.8654,233.4064,1.7154,1.7795,201.19,1914.53,-617.88,10657.05,3584.58,3710.41,4690.56,,,,44.05,2037.8,45,27,24.3,3.7,8.8,,
2/25/2022,198.5008,202.9992,264.4993,272.9111,222.1528,231.6635,1.7098,1.7738,202.33,1913.78,-598.9,11107.9,3742.33,4207.97,4967.34,,,,43.19,1995.4,45.7,31.5,19.3,3.5,8.8,,
2/28/2022,198.5008,202.9992,264.0185,272.4237,221.5469,231.0473,1.7079,1.7718,201.06,1910.16,-576.88,11577.94,3936.81,4289.6,5251.75,,,,41.92,2044.3,47.4,29.5,20.1,3,8.8,,
3/2/2022,198.5008,202.9992,263.22,271.6127,220.5885,230.0719,1.7158,1.7799,201.9,1938.58,-578.93,11406.34,3860.24,3074.18,5155.68,,,,41.3,1999.3,48,21.8,25.4,4.8,8.8,,
3/3/2022,198.5008,202.9992,264.3004,272.7096,220.0013,229.4752,1.7071,1.771,202,1929,-592.02,11162.66,3765,2071.49,5019.05,,,,41.38,1986.7,47.6,27.5,19.5,5.4,8.8,,
3/4/2022,198.5008,202.9992,263.5195,271.9153,218.9132,228.3663,1.7086,1.7726,201.63,1937.69,-589.67,11243.49,3819.44,3022.47,5078.83,,,,41.65,1973.7,47.5,22.9,25.2,4.4,8.8,,
3/7/2022,198.5008,202.9992,260.6711,269.0244,214.9646,224.349,1.7172,1.7814,202.04,1990.45,-567.56,10960.49,3714.28,3515.86,4925,,,,43.6,2202.4,45.4,35.7,17.5,1.4,8.8,,
3/8/2022,225.2013,229.9987,294.0615,302.9219,244.4805,254.3786,1.9402,2.0081,202.09,1987.85,-602.36,10523.03,3586.93,3483.51,4639.98,,,,44.57,,44.5,36.1,17.4,2,8.8,,
3/9/2022,225.2013,229.9987,293.9019,302.7627,245.4592,255.3784,1.933,2.0007,229.5,2050.05,-605.93,10163.72,3438.25,2500,4402.58,,,,47.09,2454,42.2,38.1,17.4,2.3,8.8,,
3/10/2022,249.9603,259.9999,330.3212,343.5251,279.674,290.2202,2.1601,2.2576,229.34,1973.63,-613.63,10856.07,3731.14,3577.37,4812.82,,,,47.22,2304.8,42.1,36.1,20.3,1.6,8.8,,
3/11/2022,249.9603,259.9999,328.4536,341.6314,278.2912,288.8135,2.157,2.2543,251.97,1994.75,-628.57,10677.46,3655.18,3054.53,4700.24,,,,47.19,2218.2,42,38,18,2,8.8,,
3/14/2022,249.9603,259.9999,327.0496,340.2082,276.3497,286.8405,2.1311,2.228,251.97,1972.89,-626.17,10565.26,3616.78,1307.53,4638.61,,,,44.49,2394.4,44.6,35.4,17.5,2.5,8.8,,
3/15/2022,259.762,269.9952,339.3204,352.6663,288.096,298.7944,2.2024,2.3005,263.33,1943.49,-534.74,10284.3,3514.83,1666.1,4492.84,,,,45.97,2366,43.1,36.9,19.3,0.7,8.8,,
3/16/2022,264.6677,274.9979,346.7284,360.1834,293.6823,304.4733,2.2446,2.3434,267.86,1923.44,-562.81,10222.55,3524.06,2921.08,4456.81,,,,45.88,2561.5,43.1,31.6,25.1,0.2,8.8,,
3/18/2022,264.6677,274.9979,349.7364,363.2401,296.9913,307.8427,2.2362,2.3349,267.88,1936.18,-538.23,10353.83,3585.47,1417.56,4553.05,,,,43.58,2250.4,45.5,34.7,18.1,1.8,8.8,,
3/21/2022,264.6677,274.9979,349.8103,363.3151,295.9442,306.7773,2.2281,2.3266,275,1926.47,-525.9,10421.74,3617.86,1112.21,4583.14,,,,45.03,2246.1,43.2,30.2,20.9,5.7,8.8,,
3/22/2022,272.0686,282.4956,359.0877,372.6836,302.6655,313.5667,2.2767,2.3757,280,1932.59,-548.63,10490.74,3593.31,1331.37,4565.3,,,,47.43,2401.3,41.3,30.9,24.5,3.4,5.5,,
3/23/2022,274.9957,284.9983,366.207,380.301,306.3298,317.3463,2.2727,2.3732,280.42,1922.49,-585.95,10457.81,3593.95,1369.02,4537.95,,,,48.22,2257.2,40.9,40.7,16.2,2.2,5.5,,
3/24/2022,279.9056,289.996,369.8405,383.9868,310.4519,321.5399,2.3113,2.4124,280,1942.35,-572.68,10451.71,3611.71,1744.33,4542.7,,,,45.74,2307.1,43.3,34.9,20.2,1.7,5.5,,
3/25/2022,284.8205,294.9987,376.9501,391.2593,317.3,328.5087,2.3391,2.4402,290,1964.07,-510.65,10455.32,3639.12,4526.15,4552.7,,,,45.41,2280,43.5,32.2,23,1.2,5.5,,
3/28/2022,288.7475,298.9958,380.6673,395.0773,319.5051,330.7549,2.3531,2.454,294.98,1947.93,-499.93,10142.29,3505.15,2125.53,4406.68,,,,45.42,2217,43.8,41.7,13.8,0.8,5.5,,
3/29/2022,288.7475,298.9958,378.9346,393.3173,320.3466,331.6067,2.3358,2.4363,294.98,1926.53,-513.27,9647.55,3338.03,2702.01,4166.03,,,,43.18,2014.3,46.1,37,15.1,1.9,5.5,,
3/30/2022,288.7475,298.9958,378.8823,393.2674,323.7198,335.0413,2.3659,2.4669,306.08,1924.47,-516.18,9294.89,3196.19,3296.58,3974.95,,,,39.35,1645.9,50.3,26.4,20.2,3,1.8,,
4/1/2022,289.2425,299.4908,380.6005,395.0006,323.2672,334.5713,2.3669,2.4678,299,1935.9,-593.63,8471.43,2830.93,1252.4,3598.98,,,,34.28,1459.4,58.1,12.9,27,2,,,
4/4/2022,289.7255,299.9914,380.5381,394.9281,323.1897,334.502,2.3659,2.4672,310.86,1919.74,-591.79,8244.55,2684.82,1966.58,3475.45,,,,39.17,1883.7,50.6,29.5,18.9,1,,,
4/5/2022,293.2305,303.4964,385.309,399.7057,324.7265,335.9982,2.3952,2.4966,307.79,1928.89,-578.24,8738.08,2872.26,1139.29,3697.81,,,,41.12,1786.3,48.3,30.6,19.7,1.5,,,
4/6/2022,298.1064,308.4951,390.1598,404.7134,327.7094,339.0712,2.4073,2.5096,307.79,1923.21,-586.05,8580.93,2797.52,1944.68,3765.28,,,,38.62,1729.7,51.4,21.6,26.7,0.3,,,
4/7/2022,309.3802,319.9971,405.4318,420.244,340.5925,352.2093,2.5056,2.609,299.81,1921.9,-555.78,8249.7,2668.37,1463.94,3571.43,,,,38.52,1659.6,51.7,19.8,28.1,0.4,,,
4/8/2022,310.8802,321.4971,407.0874,421.8945,340.8309,352.4222,2.5138,2.6172,299,1931.3,-550.47,8135.25,2623.9,1249.85,3538.06,,,,37.52,1625.3,52.9,18.5,27.9,0.7,,,
4/11/2022,316.795,327.4999,413.0331,427.9113,347.8565,359.5515,2.5396,2.6433,311.68,1942.15,-601.62,8135.25,2623.9,1249.85,3538.06,,,,33.19,1943.3,58.7,14.1,26.9,0.3,,,
4/12/2022,319.205,329.9975,416.2942,431.2723,350.0532,361.8357,2.5493,2.6535,313.67,1956.34,-600.46,8135.25,2623.9,1249.85,3538.06,,,,32.07,1522.9,61.1,13.6,25,0.3,,,
4/18/2022,322.7201,334.9975,423.6836,438.6727,353.3027,365.0453,2.5659,2.6696,313.67,1984.14,-610.95,8135.25,2623.9,1249.85,3538.06,,,,37.91,2071.4,51.6,24.3,21,3.2,,,
4/19/2022,327.5,339.9979,428.5138,443.6765,357.422,369.3318,2.5808,2.6855,310,1976.8,-603.43,8135.25,2623.9,1249.85,3538.06,,,,41.18,2084.3,47.8,29.1,19.7,3.4,,,
4/20/2022,327.5,339.9979,429.4699,444.6498,358.3018,370.2304,2.5527,2.657,310,1946.39,-622.27,8135.25,2623.9,1249.85,3538.06,,,,42.71,2205.5,46.5,33.1,18.7,1.7,,,
4/21/2022,327.5,339.9979,430.2501,445.626,359.5836,371.531,2.5646,2.6693,335,1953.45,-583.46,8135.25,2623.9,1249.85,3538.06,,,,43.46,2186.9,45.4,34.3,19.7,0.7,,,
4/22/2022,327.5,339.9979,429.3506,444.7142,359.8321,371.7859,2.5612,2.6659,334.8,1950.08,-624.11,8135.25,2623.9,1249.85,3538.06,,,,42.88,1994.8,46,36.4,17,0.7,,,
4/25/2022,330,342.4979,424.9311,440.1673,360.4563,372.3748,2.5857,2.6891,334.8,1923.35,-579.32,7513.85,2355.54,265.39,3244.81,,,,42.96,2183.1,46.2,30.9,22.4,0.4,,,
4/26/2022,333.8875,346.4956,428.5863,445.8133,362.9428,374.9215,2.6346,2.7393,340.47,1902.4,-640.57,6905.37,2125.96,800.42,2938.82,,,,44.23,2263.3,44.7,34,20.9,0.4,,,
4/27/2022,337.8229,350.4972,427.7423,444.9378,364.4263,376.4149,2.6655,2.7707,337.9,1901.34,-688.29,7280.52,2356.71,2184.77,3189.17,,,,44.51,2200.5,44.5,34.4,20.4,0.7,,,
4/28/2022,342.1673,354.996,431.3805,448.6799,365.2308,377.279,2.6746,2.7802,341.85,1883,-610.73,7611.43,2503.73,2984.65,3210.27,,,,42.63,2066.6,46.3,31,21.1,1.5,,,
4/29/2022,347.0597,359.9987,435.7298,451.0616,369.6859,381.8163,2.6706,2.777,341.85,1901.18,-602.61,7624.26,2509.24,2488.44,3226.43,,,,42.68,2228.7,43.7,34,19.3,3,,,
5/4/2022,350.0597,362.9987,440.0411,455.3472,373.3231,385.4584,2.7067,2.8119,340,1861.82,-592.49,7598.04,2510.99,1063.3,3214.24,,,,44.96,2305.5,29.3,42,24.9,3.8,,,
5/5/2022,356.8395,369.9991,453.3875,472.7292,384.142,399.618,2.7852,2.8929,349.9,1900.02,-587.55,7567.55,2479.51,822.74,3176.26,,,,44.77,2165,29.5,40,28.7,1.8,,,
5/6/2022,361.727,374.9967,449.3415,468.6211,385.4672,400.966,2.7829,2.8906,358.57,1871.83,-588.77,7427.48,2401.21,973.91,3089.6,,,,40.98,2095.7,32.2,37.8,24.5,5.5,,,
5/9/2022,361.727,374.9967,447.9362,467.1937,385.4405,400.937,2.781,2.8886,364.76,1875.92,-606.63,7516.63,2443.05,981.32,3166.7,,,,42.77,2017.2,30.9,25.1,35.1,8.9,,,
5/10/2022,361.727,374.9967,447.9362,467.1937,385.4405,400.937,2.781,2.8886,364.76,1859.95,-606.63,7516.63,2443.05,981.32,3166.7,,,,33.78,1879.2,38.9,7.2,46.1,7.9,,,
5/11/2022,361.727,374.9967,448.8925,468.1627,385.8994,401.4037,2.7916,2.8994,364.76,1837.16,-567.72,7516.63,2443.05,981.32,3166.7,,,,35.08,1962.9,35.1,0.6,52.4,11.9,,,
5/12/2022,364.227,377.4967,448.3545,467.576,388.1229,403.6233,2.8228,2.9308,360,1857.3,-561.5,7754.62,2530.17,1193.07,3291.15,,,,36.45,1803.6,36.1,0.6,51.9,11.3,,,
5/13/2022,355.016,364.984,435.2506,446.0264,369.6165,380.2322,2.7386,2.846,360,1825.3,-582.06,8098.41,2662.31,2180.76,3469.82,,,,36.12,1776.9,36.7,0.4,53,9.9,,,
5/17/2022,354.7678,364.7323,439.3968,450.2423,371.1843,381.8332,2.7323,2.8397,589.63,1826.05,-589.63,8457.65,2809.81,2754.61,3702.57,,,,37.71,1912.2,34.8,7.2,47.5,10.5,,,
5/18/2022,354.6684,364.6316,440.6947,456.0223,374.342,385.0451,2.7349,2.8421,588.75,1812.87,-588.75,8417.21,2795.53,3496,3694.15,,,,39.61,1867.1,32.8,6.5,51,9.7,,,
5/19/2022,354.5691,364.5309,436.8523,452.1215,373.0262,383.7066,2.7445,2.8518,609.58,1815.56,-609.58,8173.86,2703.7,1597.24,3563.41,,,,39.9,1945.9,33.1,1.6,55.8,9.5,,,
5/20/2022,354.4897,364.4504,439.6169,454.9265,375.214,385.932,2.7572,2.8648,546.88,1837.25,-546.88,8265.61,2750.91,1978.3,3635.4,,,,40.14,1895.1,31.9,2,57.2,8.8,,,
5/23/2022,354.4599,364.4202,443.0907,458.4562,376.3131,387.0507,2.7736,2.8814,516.84,1852.16,-516.84,8474.49,2844.97,2730.76,3773.22,,,,42.62,2579,35.2,11.3,45.8,7.6,,,
5/24/2022,354.4003,364.3597,443.5069,458.8776,378.8581,389.6411,2.7627,2.8703,508.99,1849.93,-508.99,8393.47,2816.45,2319.64,3726.77,,,,44.55,2434.3,39.1,8.8,44.8,7.3,,,
5/25/2022,354.4003,364.3597,441.9993,457.4574,380.2201,391.027,2.7789,2.8878,523.99,1862.16,-523.99,8370.16,2780.03,1659.98,3713.67,,,,43.19,2521,44.4,4.9,43.2,7.4,,,
5/26/2022,354.728,364.692,444.9258,460.4269,380.3922,391.2015,2.7739,2.8827,524.7,1850.25,-524.7,8319.58,2744.54,1620.35,3700.68,,,,43.03,2469.1,45.3,4.4,41.3,9.4,,,
5/27/2022,354.2712,364.2289,446.6398,462.1696,381.9062,392.7431,2.7847,2.8937,588.62,1853.73,-588.62,8315.55,2733.04,1567.28,3710.4,,,,42.31,2429.6,44.6,4.4,41.2,9.7,,,
5/31/2022,355.7708,365.7493,446.8803,462.4181,383.2022,394.0627,2.7653,2.874,480.59,1850.32,-480.59,8108.09,2679.33,1622.58,3611.19,,,,42.31,2273.8,41.4,0.2,48.5,9.9,,,
6/1/2022,355.1253,365.0948,445.6048,461.1196,381.4224,392.2505,2.7407,2.849,535.47,1836.55,-535.47,8064.69,2655.38,1214.8,3587.48,,,,40.58,2320.3,43,0.2,47.5,8.7,,,
6/2/2022,355.6119,365.5882,441.94,457.398,379.5663,390.3626,2.721,2.829,541.9,1845.1,-541.9,8099.51,2671.72,1440.78,3603.14,,,,40.15,2005.3,43.1,0.4,46.1,9.8,,,
6/3/2022,355.314,365.2861,445.1971,460.704,383.0963,393.9545,2.7258,2.8339,557.14,1872.16,-557.14,8054.77,2647.67,1310.58,3573.42,,,,40.45,2006,43,0,48.1,8.3,,,
6/6/2022,355.2941,365.266,442.1603,457.6221,381.8524,392.6888,2.7085,2.8162,564.58,1854.43,-564.58,7803.61,2539.06,1461.07,3425.93,,,,41.25,2006.6,43.6,0,46,10,,,
6/7/2022,356.0968,366.2398,443.1787,459.8237,378.539,392.8471,2.6729,2.776,536.39,1840.84,-536.39,7631.13,2454.48,1904.51,3322.46,,,,41.85,1986.1,45,0.7,44.7,9,,,
6/8/2022,355.6855,366.5762,444.9832,462.7973,378.4127,393.5254,2.6576,2.77,535.91,1849.37,-535.91,7772.69,2529.09,1022.97,3412.91,,,,41.85,1986.1,45,0.7,44.7,9,,,
6/9/2022,355.8183,366.7956,443.4161,461.3001,379.5105,394.7449,2.6326,2.7447,550.35,1851.49,-550.35,7881.13,2567.74,917.28,3457.99,,,,40.86,2002.7,47.8,6,35.1,10.5,,,
6/10/2022,355.6074,366.5287,441.685,459.7437,375.6865,391.6964,2.6338,2.7471,551.34,1846.45,-551.34,7898.79,2560.57,1326.23,3461.5,,,,41.47,2000.5,44.8,0,43.8,10.7,,,
6/13/2022,355.7263,366.5254,434.078,451.9774,371.1082,386.1883,2.6195,2.7313,548.73,1860.64,-548.73,7888.69,2545.75,777.1,3435.53,,,,39.25,2017.2,47.6,0,44.9,6.7,,,
6/15/2022,355.7074,366.5065,425.353,442.6281,369.2455,384.3622,2.6143,2.7255,566.58,1818.95,-566.58,7772.08,2485.21,1120.66,3378.68,,,,40.93,1967.1,45.8,4.5,43.4,5.8,,,
6/16/2022,355.6785,366.4915,430.2077,447.4112,369.4321,384.4144,2.6288,2.7392,541.97,1831.34,-541.97,7705.27,2463.09,786.34,3342.2,,,,42.64,2036.1,45.6,8,42.5,3.5,,,
6/17/2022,355.5141,366.3277,435.139,452.2253,372.4061,387.0705,2.6417,2.749,499.5,1844.57,-499.5,7472.39,2368.65,1237.64,3221.3,,,,41.8,1950.9,46.7,6.8,41.7,4.5,,,
6/20/2022,356.2897,366.838,433.6026,450.3472,372.9539,387.4353,2.6272,2.7335,496.57,1837.86,-496.57,7424.56,2364.92,822.68,3206.61,,,,41.08,2046.7,27.9,26.3,37.9,7.2,,,
6/21/2022,357.2826,367.7352,436.343,453.1353,374.2899,388.916,2.6308,2.737,511.12,1841.86,-511.12,7502.28,2400.57,760.55,3244.34,,,,42.09,2019.4,27,28.2,36.8,7.2,,,
6/22/2022,356.4424,367.1121,434.547,451.155,373.0293,387.4586,2.6056,2.7106,508.15,1826.8,-508.15,7512.15,2409.81,690.48,3247,,,,42.49,2107.8,26.9,27.6,37.7,7.1,,,
6/23/2022,356.6729,367.3982,435.1487,451.8938,375.2973,389.8979,2.6188,2.7267,509.36,1833.3,-509.36,7556.09,2431.44,1102.19,3286.41,,,,42.19,2054.2,27.4,26.5,36.7,8.8,,,
6/24/2022,356.1255,367.1686,435.4689,452.6187,373.2903,388.4167,2.6276,2.7395,489.7,1824.95,-489.7,7651.19,2470.19,1245.55,3343.4,,,,41.87,1983.1,28,26.4,36.4,8.5,,,
6/27/2022,356.2373,367.4039,435.4981,452.7893,374.6052,389.4918,2.6299,2.7394,473.34,1835.7,-473.34,7451.91,2381.09,1423.37,3232.1,,,,41.68,1979.7,28.2,29.6,32.7,8.7,,,
6/28/2022,356.0634,367.2255,435.0488,452.1949,374.972,389.8785,2.6185,2.7277,491.85,1823.41,-491.85,7312.66,2336.44,815.33,3163.25,,,,42.63,2035.9,27.5,31.6,34.7,5.7,3.3,,
6/29/2022,355.8173,367.0703,432.5695,449.6337,373.1221,387.9804,2.5983,2.71,467.89,1822.15,-467.89,7365.92,2350.28,778.67,3196.03,,,,42.9,2036.3,27.3,33.1,35.4,3.5,3.3,,
6/30/2022,355.7601,367.1246,430.038,447.0248,370.4145,385.1851,2.5919,2.7006,522.78,1821.8,-522.78,7342.33,2334.36,785.4,3184.16,,,,42.09,1937.8,27.9,32.1,34.3,5,3.3,,
7/1/2022,356.4236,367.2423,429.7996,447.0689,370.5221,385.4075,2.6149,2.7259,518.84,1805.61,-518.84,7457.48,2380.36,1429.96,3232.6,,,,40.47,1974,29,33.2,34.3,2.6,3.3,,
7/4/2022,356.5951,367.3155,428.8674,445.8337,369.767,384.5245,2.6197,2.7321,503.98,1809.5,-503.98,7359.55,2345.08,1309.63,3188.44,,,,38.02,1843.2,30.5,19.7,42.5,6.7,3.3,,
7/5/2022,355.9533,367.2998,429.0681,446.3443,369.4935,384.5648,2.5993,2.7116,520.58,1810.36,-520.58,7238.59,2293.24,916.27,3134.31,,,,38.9,1845.2,30.1,18,41.7,9.6,3.3,,
7/6/2022,356.0489,367.3317,424.021,440.969,363.8622,378.43,2.6183,2.728,516.25,1771.35,-516.25,7117.35,2247.04,982.28,3077.16,,,,39.59,1834.3,33.1,19.2,41,6.1,3.3,,
7/7/2022,356.8065,368.0616,424.3051,441.2626,361.9959,376.9575,2.6162,2.7244,491.46,1740.17,-491.46,7057.86,2228.99,791.48,3056.41,,,,40.58,1875.6,32.3,26.8,35.2,5.2,3.3,,
7/8/2022,356.8217,367.6651,427.3448,444.0596,360.975,375.2507,2.6139,2.7218,495.7,1743.45,-495.7,7080.69,2244.83,385.87,3075.93,,,,39.43,1902.6,33.2,27.2,34.5,4.3,3.3,,
7/11/2022,357.7933,368.3974,426.4513,443.435,361.1691,375.5521,2.5979,2.7032,383.39,1742.61,-383.39,7302.15,2337.67,811.15,3184.77,,,,38.49,1837.7,33.6,14.1,41.5,10.2,3.3,,
7/12/2022,356.9558,368.3011,422.0525,439.0929,356.1345,370.7057,2.588,2.6972,361.37,1735.12,-361.37,7365.67,2365.22,1108.51,3215.97,,,,39.99,1958.7,32.6,15.3,40.6,10.6,3.3,,
7/14/2022,358.1456,368.7594,422.697,439.7617,356.9477,371.6089,2.578,2.6854,377.57,1728.62,-377.57,7318.24,2337.22,625.76,3182.5,,,,39.46,2064.1,33,15.1,39.5,11.6,3.3,,
7/15/2022,357.9486,368.5245,420.7435,437.7711,356.65,371.2082,2.5559,2.6638,386.76,1715.72,-386.76,7467.82,2400.17,1112.03,3251.43,,,,40.33,1919.5,32.4,18.4,38.3,10.3,3.3,,
7/18/2022,357.6061,368.3433,423.0279,439.8673,359.3852,373.6983,2.5713,2.6773,470.8,1713.75,-470.8,7536.61,2423.08,1414.52,3272.8,,,,39.76,1894,32.8,20.9,43.4,2.3,3.3,,
7/19/2022,357.8593,368.4926,424.6302,441.5258,360.4242,374.7586,2.5718,2.679,451.16,1707.79,-451.16,7644.12,2459.45,1116.15,3310.79,,,,40.22,1847.2,32.3,20.5,45,1.4,3.3,,
7/20/2022,358.5352,368.9001,428.2627,445.2474,364.851,379.3163,2.5775,2.6837,462.36,1711.09,-462.36,7712.08,2477.81,1339.9,3339.08,,,,40.43,1869.9,32.2,18.7,44.7,3.7,3.3,,
7/21/2022,358.3145,368.9187,426.6679,443.5999,363.5516,377.9768,2.5725,2.6785,436.1,1692.9,-436.1,7736.37,2477.67,1289.47,3343.63,,,,39.55,1753.9,32.7,20.9,40.8,5,9.9,,
7/22/2022,357.9442,368.6321,425.984,442.9102,362.8028,377.1898,2.585,2.6915,456.75,1715.2,-456.75,7721.78,2461.98,866.64,3339.51,,,,38.33,1796.4,33.7,17.3,43.8,4.7,9.9,,
7/25/2022,357.4611,368.5067,426.3231,443.2616,363.1987,377.6318,2.6088,2.7173,436.87,1725.5,-436.87,7639.42,2434.28,744.86,3294.48,,,,38.1,1812.9,34.1,12.9,50.5,1.9,9.9,,
7/26/2022,357.5189,368.5144,429.5714,446.5977,363.9859,378.7477,2.6033,2.7127,420.38,1726.2,-420.38,7630.17,2418.71,693.91,3281.01,,,,38.48,1821.8,33.6,25.4,39.7,0.7,9.9,,
7/27/2022,357.4406,368.4922,428.4851,445.4883,360.8598,375.218,2.5971,2.7016,433.99,1717.01,-433.99,7626.69,2409.12,1014.62,3279.07,,,,38.44,1742.6,33.8,23.6,41.3,0.8,9.9,,
7/28/2022,357.4406,368.4922,432.7717,449.8902,363.1431,377.5629,2.6256,2.7347,436.29,1735.04,-436.29,7679.64,2429.88,1047.4,3302.35,,,,38.1,1830.9,34.1,16.5,48.6,0.5,9.9,,
7/29/2022,357.1697,368.4121,432.6189,449.9838,362.5223,377.2409,2.6502,2.762,460.39,1754.43,-460.39,7731.15,2448.36,1593.93,3321.54,,,,38.73,1853.4,33.5,18.9,46.8,0.4,9.9,,
8/1/2022,357.2753,368.5064,433.3179,450.6927,363.8068,378.5549,2.6851,2.7922,464.04,1764.55,-464.04,7768.57,2445.09,1817.56,3315.16,,,,37.28,1789.2,33.7,7.1,49.4,9.4,9.9,,
8/2/2022,357.3077,368.5388,435.8015,453.2626,365.2414,380.0447,2.7219,2.8316,460.82,1776.7,-460.82,7907.52,2501.8,2383.36,3389.82,,,,37.12,1761.8,30.7,2.2,57.2,9.5,9.9,,
8/3/2022,357.2223,368.4999,432.7948,450.39,361.9849,376.8235,2.6681,2.7807,462.72,1765.24,-462.72,8080.14,2586.05,2677.09,3507.25,,,,37.4,1730.9,30.3,0.5,58.7,10,9.9,,
8/4/2022,357.2279,368.5416,431.9777,449.773,361.5586,376.2903,2.6555,2.7683,463.19,1767.98,-463.19,8229.14,2677.67,3799.55,3622.38,,,,39.24,1844.9,28.6,0.2,58.3,12.4,9.9,,
8/5/2022,357.1997,368.5198,431.5369,449.1026,363.456,378.5885,2.665,2.7788,472.61,1789.37,-472.61,8333.37,2728.14,3748.33,3641.63,,,,39.44,1895,25.4,0.2,61.8,12.1,9.9,,
8/8/2022,357.1491,368.4698,429.101,446.5802,361.744,376.7621,2.6263,2.7381,471.2,1775.13,-471.2,8422.97,2794.15,3334.29,3686.76,,,,39.6,1972.2,29.5,0.2,57.9,11.6,9.9,,
8/9/2022,357.2995,368.6127,429.1527,446.9724,362.2814,377.3186,2.6344,2.7454,461.95,1784.34,-461.95,8500,2803.88,5341.22,3702.77,,,,41.43,2020.1,28.6,0.5,58.7,11.5,9.9,,
8/10/2022,357.3007,368.6127,429.5778,447.0879,363.1476,378.4089,2.6318,2.7436,454.17,1794.08,-454.17,8706.17,2928.96,4506.92,3804.62,,,,41.42,1990.5,27.9,0.6,60,10.6,9.9,,
8/12/2022,357.2491,368.567,433.2444,450.8744,366.5008,381.8782,2.6686,2.7764,466.88,1786.78,-466.88,9027.48,3072.01,6339.98,3945.24,,,,40.46,1980.2,29.9,1.9,62.6,4.7,9.9,,
8/15/2022,357.2923,368.6066,430.8692,448.2898,364.3184,379.5297,2.6708,2.778,468.7,1795.64,-468.7,9191.52,3097.3,5829.97,4017.21,,,,41.18,2087.5,16.3,23.6,57.8,1.7,9.9,,
8/16/2022,357.3756,368.6872,428.6198,446.1014,361.5401,376.5715,2.6693,2.7772,449.51,1782.13,-449.51,9086.24,3037.59,5405.75,4002.5,,,,40.5,1948.1,16.1,26.4,51,5.7,9.9,,
8/17/2022,357.3151,368.6827,430.5177,448.0401,361.6082,376.8346,2.6539,2.7617,457.9,1776.47,-457.9,8907.35,2947,3768.09,3911.65,,,,41.35,1990.9,15.8,26.6,47.2,9.8,9.9,,
8/18/2022,357.3367,368.7038,428.4183,445.91,361.8953,377.213,2.6389,2.7465,456.21,1764.17,-456.21,8910.57,2962.33,2721.32,3966.7,,,,41.12,1905.7,15.8,26.4,47.9,9.1,9.9,,
8/19/2022,357.41,368.72,423.8768,441.2085,358.4298,373.6891,2.6136,2.72,499.38,1756.44,-499.38,8975.75,2963.95,3157.39,4015.9,,,,40.78,1897.8,16.1,25.8,50.9,6.5,9.9,,
8/22/2022,357.3779,368.6905,420.5399,437.7755,356.8288,372.0464,2.5888,2.6981,513.57,1748.03,-513.57,9087.59,3007.7,3137.27,4045.89,,,,38.96,1803.8,16.8,18.9,53.6,9.9,7.7,,
8/23/2022,357.4017,368.7116,418.5532,435.7155,353.4529,368.5693,2.5937,2.6993,503.11,1739.96,-503.11,9071.53,2989.78,4933.8,4014.44,,,,39.34,1875.4,16.6,12,60.4,10.2,7.7,,
8/24/2022,357.4017,368.7116,419.7935,437.0128,353.6692,368.7722,2.6009,2.7069,490.58,1745.58,-490.58,9011.24,2944.5,2549.37,3968.78,,,,39.73,1894.1,16.4,18.1,60.8,4.1,7.7,,
8/25/2022,357.4017,368.7116,420.2417,437.4728,355.0278,370.1842,2.6026,2.7086,495.32,1755.72,-495.32,8828.08,2866.23,2104.69,3889.58,,,,39.73,1922.5,16.5,17.9,61.9,3.2,7.7,,
8/26/2022,357.8045,369.0166,420.7401,437.9726,354.5216,369.8389,2.6051,2.7111,479.94,1755.45,-479.94,8793.39,2863.75,2287.65,3870.19,,,,39.28,1793.6,19.9,18.5,57.3,3.8,7.7,,
8/29/2022,357.8093,368.783,415.06,432.1243,352.8195,368.0815,2.5677,2.676,476.92,1726.7,-476.92,8732.47,2830.67,1248.31,3832.15,,,,37.78,1913,32.7,2.1,60.3,4,7.7,,
8/30/2022,357.9322,368.899,416.0559,433.0289,355.2945,370.532,2.5673,2.6748,477.04,1734.29,-477.04,8865.4,2862.75,1812.37,3898.5,,,,38.99,1766.5,33.4,9.6,55.5,0.9,66.7,,
8/31/2022,357.5571,368.9007,415.0125,432.0467,356.2636,371.6946,2.5668,2.6754,474.16,1722.76,-474.16,9071.32,2928.97,4256.42,3964.04,,,,39.19,1855.4,32.8,5.8,58.1,3.3,66.7,,
9/1/2022,357.5138,368.8612,411.8094,428.711,356.2314,371.5963,2.5515,2.6558,459.45,1705.2,-459.45,9254.81,3005.32,4087.82,4035.75,,,,37.75,2067,32.1,2.1,58.7,6.6,66.7,,
9/2/2022,357.8334,369.0956,410.9629,427.759,354.2793,369.4739,2.5395,2.6459,462.3,1697.34,-462.3,9316.45,3009.61,4208.7,4106.05,,,,38.28,2157.1,28.6,0.2,60.1,10.3,66.7,,
9/5/2022,358.0556,369.028,408.5122,425.2055,352.6868,367.8536,2.5367,2.6431,448.74,1709.25,-448.74,9366.39,3030.56,4136.02,4188.59,,,,38.75,2102,29.2,0.2,60,10.1,66.7,,
9/6/2022,358.0556,369.028,412.2241,429.0608,353.9611,369.2443,2.5327,2.6389,441.28,1717.51,-441.28,9330.33,2998.19,4108.86,4175.05,,,,38.68,2197.9,26.1,0.3,61.9,11.2,66.7,,
9/7/2022,358.33,369.3395,408.4687,425.1863,351.5307,366.8769,2.4772,2.5824,440.46,1697.16,-440.46,9447.27,3017.97,6082.16,4219.05,,,,38.99,2171,24.8,0.5,62.6,11.4,66.7,,
9/8/2022,358.4178,369.3806,410.2666,426.5699,355.6086,370.5684,2.4717,2.5753,447.22,1715.01,-447.22,9599.32,3069.03,4958.5,4291.33,,,,39.98,2216.5,24.5,0.4,63.6,10.8,66.7,,
9/9/2022,358.5388,369.5017,412.5276,429.0308,358.4673,373.7585,2.4811,2.5859,430.4,1717.11,-430.4,9704.21,3131.29,4125.64,4323.16,,,,40.25,2207.6,25.5,0.6,60.7,12.4,66.7,,
9/12/2022,358.7807,369.6151,414.4268,430.9763,359.137,374.5768,2.4954,2.5999,430.47,1715.3,-430.47,9813.18,3156.64,4785.87,4352.7,,,,40.5,2167,27.9,1.4,59.6,10.3,66.7,,
9/13/2022,358.788,369.6183,417.1762,433.793,360.9717,376.3756,2.5012,2.605,412.02,1721.78,-412.02,9749.09,3133.15,3773.87,4306.13,,,,41.94,2088.7,31,5.2,53.4,9.6,66.7,,
9/14/2022,358.9306,369.7126,410.7955,427.0202,355.9563,370.9375,2.4688,2.5713,424.34,1703.4,-424.34,9914.12,3179.79,4096.19,4359.34,,,,42.34,2109.4,30.7,8.7,51.4,8.4,66.7,,
9/15/2022,358.9306,369.7126,411.402,428.0228,355.5312,370.5038,2.4882,2.5906,402.21,1694.97,-402.21,10072.38,3252.23,5330.79,4400.15,,,,42.59,2109.5,30.7,8.2,51.6,8.7,66.7,,
9/16/2022,358.9434,369.9135,409.5166,425.6899,356.6349,371.6442,2.4897,2.5921,421.58,1662.56,-421.58,10061.09,3237.32,5344.26,4415.87,,,,41.82,2092.9,31.2,10.7,48.1,9.1,66.7,,
9/19/2022,359.175,369.9371,407.5548,423.5822,356.8546,371.7836,2.4926,2.5964,416.1,1668.69,-416.1,10025.4,3217.74,3335.24,4383.34,,,,41.86,2122.4,31.1,10.7,47.8,9.7,66.7,,
9/20/2022,359.1381,369.9003,408.2941,424.4361,357.897,372.8429,2.4933,2.597,413.07,1676.27,-413.07,9901.13,3185.59,6052.46,4349.2,,,,42.92,2206.5,30.3,13.2,47.7,8,66.7,,
9/21/2022,359.1797,369.9424,406.4707,422.5646,355.5131,370.4795,2.4825,2.5854,394.04,1665.93,-394.04,9913.22,3199.94,4620.29,4365.55,,,,43,2176.3,30.3,13.6,46.4,8.8,70.72,,
9/22/2022,359.1876,369.9235,401.5695,417.3688,350.3877,365.1473,2.4695,2.57,395.11,1659.39,-395.11,10001.19,3231.22,4110.03,4392.73,,,,43.45,2183.6,30,13.9,46,9.2,70.72,,
9/23/2022,359.1876,369.9235,401.5839,417.392,350.7933,365.4949,2.5136,2.6166,434.85,1671.02,-434.85,9964.8,3203.01,3017.37,4369.91,,,,41.92,2107.6,31,13.4,46.1,8.7,70.72,,
9/26/2022,359.1876,369.9371,376.7059,391.9546,344.1763,358.8689,2.4806,2.5826,444.21,1641.35,-444.21,9844.21,3156.9,4571.66,4339.17,,,,40.8,1900.4,30.1,16.2,49.1,3.9,70.72,,
9/27/2022,359.1876,369.9371,384.4937,399.9925,343.6054,358.2426,2.4706,2.5723,429.47,1630.01,-429.47,9861.62,3164.51,5864.86,4344.54,,,,41.17,1956,15.8,28.8,52.2,2.8,70.72,,
9/28/2022,359.1876,369.9371,380.5886,395.7114,340.9321,355.4812,2.4676,2.5692,419.44,1624.27,-419.44,9958.87,3184.48,3131.95,4361.45,,,,41.58,1872.5,15.7,28.3,45.5,9.7,70.72,,
9/29/2022,359.1618,369.9103,385.4776,400.949,345.4707,360.0342,2.473,2.5748,414.35,1654.83,-414.35,9951.48,3168.9,3438.87,4346.84,,,,41.39,1915.2,15.7,31.5,43.1,8.9,70.72,,
9/30/2022,359.1618,369.9103,396.3452,412.4602,349.9242,364.6306,2.4669,2.5686,433.46,1661,-433.46,9931.07,3165.33,2578.26,4341.13,,,,40.73,1797.8,15.9,27.7,43.5,12.1,707.2,,
10/3/2022,359.1618,369.9103,397.1837,413.4458,350.093,364.8862,2.4652,2.5668,370.7,1666.25,-370.7,9649.86,3048.87,2536.61,4202.83,,,,38.93,2005.8,30.6,6.6,53.9,8.2,707.2,,
10/4/2022,359.1618,369.9103,403.9578,419.5837,350.5392,365.2629,2.4641,2.5656,368.6,1696.45,-368.6,9237.05,2875.21,4541.03,4017.24,,,,40.6,2075.1,29.5,8.7,56.9,4.2,707.2,,
10/5/2022,359.1618,369.9103,408.1797,424.3478,355.6138,370.4783,2.4755,2.5773,363.74,1720.3,-363.74,9319.01,2887.67,2622.43,4052.9,,,,40.04,2073.2,30.8,9.2,54.2,5.2,707.2,,
10/6/2022,359.1618,369.8629,405.8857,422.0269,353.7982,368.6797,2.4673,2.5701,353.45,1720.85,-353.45,9182.23,2820.43,2859.87,3997.55,,,,40.39,2113.5,32.1,8.1,50.2,8.9,707.2,,
10/7/2022,359.1671,369.9156,399.4396,415.2984,349.895,364.6177,2.4607,2.5639,382.43,1709.74,-382.43,9049.52,2771.83,2075.58,3939.89,,,,39.56,1807.1,33,5.9,55.4,5.1,707.2,,
10/11/2022,359.2355,369.9682,394.4249,410.2474,345.677,360.3244,2.4481,2.5509,383.17,1665.49,-383.17,8744.61,2652.99,3035.78,3797.35,,,,39.61,1892.2,32.9,11.7,51.4,3.2,707.2,,
10/12/2022,359.6618,370.3945,391.0832,407.1856,346.2757,360.9345,2.4428,2.5453,375.63,1663.5,-375.63,8853.27,2687.81,2300.15,3852.57,,,,38.87,1798.5,33.6,12,51.9,1.8,707.2,,
10/13/2022,359.6987,370.4261,396.6406,412.3276,346.5025,361.3682,2.4316,2.5351,392.77,1670.44,-392.77,9148.55,2805.11,2572.43,3995.95,,,,37.39,1713,34.5,8.3,55.1,1.3,707.2,,
10/14/2022,359.8172,370.7183,405.9567,421.8676,350.0925,364.8909,2.4263,2.5297,380.51,1668.02,-380.51,9093.37,2782.73,2347.36,3997.61,,,,37.14,1908.8,31.8,2.1,62.2,3.1,707.2,,
10/17/2022,360.3548,370.8637,402.7392,418.5212,348.6505,363.4954,2.4073,2.51,370.13,1650.48,-370.13,8983.74,2720.73,1880.34,3941.03,,,,36.39,1945,29.8,0,62,7.4,707.2,,
10/18/2022,360.4084,370.9316,406.7695,422.6585,351.7659,366.7008,2.4025,2.5056,360.28,1650.05,-360.28,8866.05,2674.33,1874.92,3895.22,,,,37.35,1958.3,28.6,0.4,64,6.1,707.2,,
10/19/2022,360.4507,370.975,406.7056,422.5943,352.6155,367.5853,2.3988,2.5011,374.12,1651.47,-374.12,8888.37,2677.37,1534.66,3891.04,,,,37.91,1957.6,29.1,0.5,67.2,2.3,707.2,,
10/20/2022,360.5935,371.1179,401.5475,417.4836,349.2715,364.1309,2.3868,2.4887,367.04,1623.25,-367.04,8737.38,2613.06,1496.57,3825.58,,,,38.37,1898.1,30.8,0.5,65.6,2.8,707.2,,
10/21/2022,360.7312,371.2425,401.962,417.9717,349.9535,364.8447,2.3818,2.4836,366.17,1626.35,-366.17,8685.52,2597.87,1315.95,3809.46,,,,37.19,1818,29.2,0.2,69.7,0.5,737.73,,
10/25/2022,360.7106,371.2612,405.3858,421.4839,353.8694,368.8872,2.4039,2.5064,353.09,1648.37,-353.09,8516.4,2554.01,2050.11,3745.9,,,,37.43,2001.3,28.3,0.3,67.2,3.4,737.73,,
10/26/2022,360.6537,371.2103,410.8418,426.9546,356.3569,371.3761,2.4129,2.5159,359.17,1654.44,-359.17,8602.97,2608.15,1253.8,3787.57,,,,37.84,1916.9,28.6,0.3,69.7,0.7,737.73,,
10/27/2022,360.6537,371.2103,416.5071,432.9232,360.2397,375.6851,2.4478,2.5516,358.97,1663.61,-358.97,8802.23,2677.03,1307.39,3880.29,,,,37.8,1888.1,28.8,0.4,69.1,0.8,737.73,,
10/28/2022,360.6345,371.2296,415.3806,431.5789,357.6055,372.7674,2.4442,2.5483,344.22,1665.04,-344.22,8728.6,2642.44,1009.29,3840.46,,,,37.56,1933.7,28.4,0.3,69.2,1.2,737.73,,
10/31/2022,360.6537,371.2103,415.924,432.3466,356.3481,371.4353,2.4171,2.5201,344.06,1642.64,-344.06,8602.16,2590.61,1084.66,3779.4,,,,37.2,1940.7,28.4,0.3,67,3.5,737.73,,
11/1/2022,360.6578,371.4597,412.3642,428.9492,354.5662,369.6089,2.4141,2.517,332.97,1638.82,-332.97,8605.85,2610.6,1262.8,3798.77,,,,38.33,1935.7,29.4,0.5,69.1,0.4,737.73,,
11/2/2022,360.7104,371.5123,412.8923,429.2256,354.1595,369.1657,2.4299,2.5333,329.12,1649.01,-329.12,8561.96,2601.73,1195.24,3794.88,,,,36.8,1990.7,30.1,0.2,68.7,0.2,737.73,,
11/3/2022,360.7631,371.565,409.2676,425.4878,352.0053,366.9465,2.4298,2.5332,324.33,1638.13,-324.33,8508.98,2583.75,1190.16,3763.12,,,,37.43,1904.2,28.4,0.2,70.6,0.1,737.73,,
11/4/2022,360.8893,371.6809,402.0247,418.0119,349.8926,364.7649,2.418,2.5209,344.53,1636.02,-344.53,8491.8,2585.43,817.85,3756.5,,,,37.25,1999.9,30.3,0.3,67.9,0.8,737.73,,
11/8/2022,360.8893,371.6809,412.9326,429.3042,358.783,373.8635,2.4417,2.5454,316.77,1672.85,-316.77,8267.77,2518.83,1123.86,3660.16,,,,35.66,1909,23.9,0.2,73,2.3,737.73,,
11/9/2022,360.9682,371.7599,414.3697,430.833,361.1894,376.3303,2.4642,2.5675,324.9,1708.64,-324.9,8293.5,2541.58,831.3,3672.32,,,,37.31,1874.9,25.2,0.3,72.8,1.3,737.73,,
11/10/2022,360.9682,371.7599,408.9382,425.2428,359.2302,374.3698,2.4502,2.5545,276.54,1707.85,-276.54,8322.62,2560.28,2331.53,3674.49,,,,37.16,1891.6,27.1,0.4,69.6,2.4,737.73,,
11/11/2022,360.9682,371.7599,418.9378,435.5221,365.0902,380.3643,2.5216,2.6279,284.75,1750.09,-284.75,8419.06,2580.18,862.05,3713.65,,,,37.22,1883,26.8,0.2,67.9,4.4,737.73,,
11/14/2022,360.9682,371.7599,423.1851,439.6365,370.1982,385.6768,2.5768,2.6841,248.66,1761.64,-248.66,8363.29,2566.62,941.09,3699.25,,,,35.11,1767.1,22,1.9,74.8,0.6,737.73,,
11/15/2022,360.9682,371.7599,422.4194,438.8584,369.9767,385.388,2.5537,2.6603,154.64,1771.87,-154.64,8291.52,2545.28,1576.31,3685.39,,,,36.24,1913,27,0.3,70.5,1.5,737.73,,
11/16/2022,360.984,371.7757,425.6847,442.7119,371.7275,387.1945,2.5617,2.6686,155.28,1776.65,-155.28,8087.04,2464.2,1627.75,3585.12,,,,37.75,1961,29,0.4,67.4,2.5,737.73,,
11/17/2022,360.9919,371.8325,426.327,443.1392,371.7953,387.2433,2.5674,2.6746,150.76,1768.39,-150.76,8034.78,2460.17,976.74,3568.51,,,,37.58,1962.8,28.5,0.3,67.3,3,737.73,,
11/18/2022,360.9919,371.8325,427.331,444.1069,371.8833,387.358,2.5622,2.6691,165.97,1763.51,-165.97,7817.89,2381.53,1437.92,3456.35,,,,37.3,1945.3,29.3,0.1,66.9,3.1,737.73,,
11/21/2022,360.9919,371.8325,425.4912,442.0244,369.3487,384.6493,2.5529,2.6615,168.28,1744.95,-168.28,7777.02,2366.55,1204.34,3443.98,,,,36.62,1874.5,33.4,0.6,64.8,0.3,6.6,,
11/22/2022,360.9919,371.8325,425.8233,442.3703,367.961,383.3119,2.5285,2.6343,162.53,1742.62,-162.53,8000.44,2454.96,1506.23,3551.5,,,,38.42,1940.6,33.4,5.4,59.4,0.9,6.6,,
11/23/2022,360.9919,371.8325,426.8617,443.4231,369.8885,385.2983,2.5365,2.6425,158.04,1739.95,-158.04,8173.86,2513.57,1453.88,3615.91,,,,38.73,1970.4,33.7,5.6,57.8,2.2,6.6,,
11/24/2022,360.9919,371.8325,434.4316,451.1958,374.1178,389.6419,2.5817,2.6901,154.34,1754.89,-154.34,8028.14,2458.58,1452.11,3543.88,,,,39.46,1953.4,33.1,6.4,58.7,0.9,6.6,,
11/25/2022,360.2922,371.2929,434.6091,451.3888,373.0369,388.6538,2.5825,2.6902,176.31,1758.22,-176.31,8148.06,2538.18,1602.05,3624.09,,,,39.59,1945.3,32.9,6.9,59.2,0.3,6.6,,
11/28/2022,360.2922,371.2929,432.5625,448.9826,371.0516,386.4863,2.5852,2.6915,253.48,1749.69,-253.48,8309.94,2612.76,2450.08,3727.44,,,,37.92,1869.7,34.1,15.3,49.1,0.6,6.6,,
11/29/2022,361.2379,371.717,430.4286,447.3859,371.6659,386.9802,2.584,2.6917,231.52,1746.75,-231.52,8375.21,2640.31,2881.92,3764.11,,,,38.9,1888.6,33.2,16.5,47.6,2.2,6.6,,
11/30/2022,361.2484,371.7222,430.0838,446.7505,371.1079,386.4056,2.5846,2.6922,232.51,1752.1,-232.51,8651.23,2730.08,3352.47,3888.16,,,,39.02,1927.6,33.5,16.6,47.1,2,0,,
12/1/2022,361.2537,371.7275,433.8229,450.5739,373.9781,389.3596,2.6207,2.7296,926.1,1775.09,29.44,8703.79,2739.74,3113.17,3917.77,89.45,111.95,117.06,39.94,1894,32.5,16.2,48.8,1.3,707.6,,
12/2/2022,361.2537,371.7222,439.4734,456.2128,376.9332,392.401,2.65,2.7587,220.46,1797.14,29.44,8769.73,2774.6,4007.17,3930.72,87.22,110.58,115.18,39.12,1787.1,33.1,19.8,44.2,1.6,6.6,0,0
12/5/2022,361.3026,371.7191,442.9536,459.8408,379.1991,394.7273,2.6654,2.7772,886.23,1807.24,29.35,8843.75,2809.5,2935.67,3986.84,87.3,108.5,112.57,35.65,1823.1,40.2,8.5,48.2,1.5,6.6,0,0
12/6/2022,361.3026,371.7191,438.62,455.3941,376.8743,392.3357,2.6182,2.7288,928.3,1773.64,29.46,8881.34,2835.66,3115.58,4021.48,84.6,103.78,108.22,37.58,1860.2,42.2,9.1,45.8,1.9,6.6,0,0
12/8/2022,361.3026,371.7191,437.6333,454.5405,376.6475,392.1053,2.6175,2.7265,211.55,1783.14,29.46,8891.74,2844.48,2401.4,3997.72,79.6,96.09,99.58,36.16,1740.3,48,8.7,38.8,3.8,6.6,0,0
12/9/2022,361.3026,371.7191,440.5011,457.4431,379.3869,394.9275,2.6344,2.7438,792.73,1792.73,29.46,8843.9,2827.72,1608.79,3990.51,78.62,99.41,102.7,35.03,1795.9,48.5,8.2,34.1,8.6,6.6,0,0
12/12/2022,361.1973,371.7191,438.8059,455.8417,377.0093,392.5776,2.6173,2.727,788.14,1788.14,29.33,8862.67,2829.67,1631.88,4000.78,78,96.22,99.14,36.66,1904.8,47.5,7.6,39.9,4.3,6.6,0,0
12/13/2022,361.1973,371.7191,440.5217,457.6095,378.0381,393.6498,2.6015,2.7107,783.87,1783.87,29.33,8832.14,2819.81,1348.88,3985.82,83.43,103.77,105.54,37.61,1912.1,47.4,9.7,41,0.7,6.6,0,0
12/14/2022,361.1973,371.7191,443.3731,460.5441,381.1486,396.8441,2.6436,2.7542,666.89,1810.21,29.33,8870.63,2840.56,3529.9,4015.33,85,108.8,111.54,38.48,1947.1,50.6,8.3,39.1,1,6.6,0,0
12/15/2022,361.1973,371.7191,444.9449,462.1815,382.1729,397.9129,2.6434,2.7541,608.53,1796.2,29.33,8813.84,2809.72,2270.39,3992.28,85.65,113.89,116.31,38.1,1965.4,51.2,13.2,31.8,2.8,6.6,0,0
12/16/2022,361.1973,371.7191,438.4853,455.5423,381.8224,397.5457,2.607,2.7212,62.99,1782.12,29.33,8739.5,2795.71,2858.61,3951.64,83.59,112.53,116.1,38.43,1941.3,50.6,13.9,31.2,3.1,6.6,0,0
12/19/2022,361.1973,371.7191,437.5147,454.5305,380.0733,395.9222,2.6316,2.7417,823.6,1795.27,29.32,8626.21,2749.54,2524.88,3912.87,82.75,107.4,112,36.63,1814.6,46.5,14.1,34.2,4.7,6.6,0,0
12/20/2022,361.0847,371.6601,436.3878,453.9794,380.7581,396.4763,2.648,2.7549,235.39,1786.44,29.32,8508.53,2694.45,2824.71,3845.74,83.6,103.77,109.15,37.55,1846,42.3,17.7,33.9,5,6.6,0,0
12/21/2022,361.0847,371.7127,436.6775,453.5962,380.6795,396.3156,2.7126,2.8251,980.15,1816.54,29.32,8420.26,2653.84,4621.15,3819.42,85.1,105.84,111.91,37.99,1796.6,50.7,14.8,28.5,4.9,0,,
12/22/2022,361.0871,371.6613,435.0608,451.96,381.3069,396.9651,2.7194,2.8321,18.69,1818.94,29.32,8397.12,2642.81,1987.2,3801.78,87.17,107.57,113.96,36.2,1760.7,51.9,15.8,25.9,5.1,0,,
12/23/2022,360.8986,371.7819,432.4519,449.2783,380.4807,396.1161,2.7023,2.8134,794.29,1794.29,29.32,8379.95,2623.7,1141.72,3795.47,87.9,105.3,112.08,35.62,1781.4,36,19.7,37.3,5.5,0,,
12/27/2022,360.3893,371.5893,434.0965,450.953,381.7599,397.4334,2.6972,2.808,380.37,1805.75,29.3,8452.7,2655.59,1320.02,3824.86,90.7,112.23,118.99,34.33,1811,33.4,17.2,47,1,0,,
12/28/2022,360.4206,371.6168,431.3707,448.1276,381.5746,397.2309,2.6746,2.785,810.61,1810.61,29.3,8411.42,2631.03,856.06,3812.93,90.4,111.32,117.95,36.53,1844.2,35.1,25.9,35.4,2.5,0,,
12/29/2022,360.4206,371.6168,432.25,449.0589,381.1006,396.7553,2.6804,2.791,122.15,1808.45,29.3,8431.97,2626.09,1760.51,3826.69,89.3,108.67,116.65,37,1892.4,34.7,26.1,35.3,2.7,0,,
12/30/2022,360.4081,371.6068,432.7831,449.4594,382.4055,397.984,2.705,2.8155,816.95,1816.95,29.3,8489.66,2635.63,1886.11,3847.15,91.9,109.91,117.89,36.68,1862.1,35.3,25.8,35.3,2.5,2.2,,
1/2/2023,360.4081,371.6068,433.5904,450.6623,383.8159,399.5679,2.7375,2.8494,823.94,1823.94,29.27,8509.6,2640.55,1872.85,3859.74,91.9,109.91,117.89,34.22,1775,37.8,19.2,37.4,3.8,2.2,,
1/3/2023,360.2221,371.5921,433.5464,450.2503,382.8269,398.4135,2.7603,2.8723,831.62,1831.62,29.27,8511.54,2652.68,2819.06,3847.81,95.4,108.4,115.68,36.99,1878.5,35.2,25,34.3,4,2.2,,
1/4/2023,359.9741,371.5724,430.6238,447.2309,379.1218,394.5971,2.7414,2.8544,845.37,1845.37,29.27,8463.93,2632.96,2261.74,3822.65,87.9,100.92,108.42,41.48,1902.8,31.3,25.3,34.1,3.7,2.2,,
1/5/2023,359.9741,371.5724,432.7931,449.4365,380.8715,396.3997,2.7158,2.8268,174.82,1854.72,29.27,8424.11,2612.94,2326.42,3788.29,86,101.18,108.44,42.34,1899.1,30.7,24.2,34.6,4.9,2.2,,
1/9/2023,359.9474,371.5491,435.606,452.3649,382.8705,398.4584,2.7262,2.8387,877.31,1877.31,29.27,8380.6,2580.87,2387.04,3775.18,88.7,102.85,109.82,39.54,1866.7,32,21.9,34.7,5.2,2.2,,
1/10/2023,360.0599,371.3989,436.7315,453.5308,384.6369,400.3027,2.7195,2.8319,873.04,1873.04,29.16,8367.69,2565.33,1835.35,3744.11,88.1,101.87,108.58,40.84,1908.9,31.8,21.7,36.1,4.4,2.2,,
1/11/2023,360.4722,371.3646,436.2584,452.9394,384.8194,400.3741,2.7048,2.8159,875.51,1875.51,29.16,8380.87,2560.95,1328.29,3745.15,89.6,104.73,110.06,40.5,1918.7,32.2,25,33.4,3.4,2.2,,
1/12/2023,360.3935,371.4609,436.5548,453.22,386.0419,401.6155,2.721,2.8326,882.62,1882.62,29.16,8334.05,2549.92,1949.44,3719.04,92.23,107.66,112.55,40.56,1936.7,32.1,23.2,36,2.4,2.2,,
1/13/2023,360.3991,371.4665,437.9691,454.6509,388.7853,404.4347,2.7744,2.8879,116.99,1897.9,29.16,8262.58,2528.08,1505.3,3680.16,95.56,110.17,115.68,40.48,1885,32.2,25.3,33.8,2.3,2.2,,
1/17/2023,360.4102,371.4781,437.433,454.1136,387.9146,403.5501,2.7798,2.8935,910.41,1910.41,29.04,8376.3,2607.51,1246.2,3748.67,96.7,111.43,117.71,40.64,1718.1,31.9,24.4,35.2,3.2,2.2,,
1/18/2023,360.4102,371.4781,440.5771,457.1227,386.5919,402.1845,2.7435,2.8619,908.12,1908.12,29.04,8386.27,2607.38,1399.42,3736.78,98.6,110.69,117.41,40.99,1801.2,31.6,26.5,31.8,4,2.2,,
1/19/2023,360.5572,371.3916,442.5725,459.4125,386.9407,402.5438,2.7891,2.9032,101.49,1903.38,29.04,8484.92,2635.77,1857.5,3763.39,96.02,110.79,117.79,40.4,1826.3,32.2,28,30.4,3.6,2.2,,
1/20/2023,360.5513,371.3915,444.5792,461.472,388.4914,404.1311,2.7819,2.8958,178.44,1931.4,29.04,8718.15,2724.22,2244.09,3844.66,98.4,113.5,120.9,40.16,1789.7,32.4,26.8,31.5,3.6,2.2,,
1/23/2023,360.5496,371.3845,446.1665,463.0862,390.3622,406.23,2.7707,2.8856,934.36,1934.36,28.25,8990.79,2818.94,2090.67,3926.35,98.4,113.5,120.9,40.46,1813.8,47,10.9,34.4,2.5,2.2,,
1/24/2023,360.4912,371.3909,444.5655,461.4486,389.9492,405.6406,2.7485,2.8611,934.93,1934.93,28.25,8902.24,2784.92,1485.9,3906.38,98.4,113.5,120.9,42.17,1744.9,45.4,16.2,30.1,3,2.2,,
1/25/2023,360.4912,371.3909,442.2969,459.1177,390.5883,406.2937,2.7486,2.8611,118.46,1939.45,28.25,8938.06,2807.22,1978.02,3912.58,104.19,116.37,123.43,40.78,1787.5,46.5,17.5,26.9,3.4,2.2,,
1/26/2023,360.4879,371.3887,444.9139,461.8076,391.2274,406.9557,2.7686,2.8818,946.01,1946.01,28.25,8926.56,2798,1234.72,3901.65,104.31,111.81,119.24,41.41,1808.9,46,17.8,28.5,2.5,2.2,,
1/27/2023,360.4879,371.3887,444.8423,461.7294,390.0335,405.7231,2.7619,2.8737,192.11,1928.3,28.25,8958.79,2815,1935.67,3912.84,103,114.06,122.29,42.61,1905.4,44.7,16.3,31.5,2.8,2.2,,
1/30/2023,360.4501,371.3035,444.6381,461.5301,389.5551,405.2372,2.7545,2.8665,140.27,1925.25,27.78,8889.67,2782.25,1657.4,3885.62,100.79,108.89,117.14,43.58,2186.1,44.6,12.9,35.3,2.2,2.2,,
1/31/2023,360.4879,371.3887,443.398,460.289,388.9307,404.5976,2.7524,2.864,173.46,1925.33,27.78,8865.05,2764.51,1723.33,3881.14,97.35,105.87,113.78,44.62,2132.4,42.9,14.8,33.6,4,2.2,,
2/1/2023,360.4935,371.3942,441.7384,458.5667,389.1447,404.8125,2.7543,2.867,250.28,1925.41,-109.52,8950.01,2799.53,1541.29,3910.75,98.95,106.56,114.34,40.92,1769.8,45.8,14.5,29,5.5,2.2,,
2/2/2023,360.4101,371.0331,444.1572,461.0542,394.8072,410.4174,2.7868,2.897,297.23,1953.21,-101.02,9022.38,2812.75,1809.48,3926.78,95.5,103.24,112.61,42.71,2116.7,43.3,14,32.4,5.7,2.2,,
2/3/2023,360.2903,370.3529,437.3642,453.8254,390.0114,405.2499,2.7837,2.8921,949.29,1916.19,152.38,9178.61,2863.64,4173.26,4060.93,94.11,101.99,111.6,40.73,1832.6,45.6,14,32.2,2.8,2.2,,
2/6/2023,359.9968,370.1832,431.995,447.8803,386.3124,401.3692,2.7105,2.8155,490.56,1874.6,-141.83,9100.14,2836.62,2317.78,4036.02,92.19,97.56,107.34,40.74,1760.1,47.3,10.9,33.5,2.7,2.2,,
2/7/2023,360.0937,370.2611,431.8186,447.7423,384.4542,399.4956,2.7062,2.8094,21.54,1873.25,62.18,8975.86,2785.19,2222.08,3989.13,96.61,97.16,106.88,41.95,1835.2,46.1,14.6,31.6,2,2.2,,
2/8/2023,359.4792,370.3547,431.5088,447.8186,384.0133,399.1778,2.7272,2.8343,307.96,1876.76,-117.74,8987.45,2782.56,1188.19,3990.76,98.19,101.68,110.6,42.27,1882,45.4,12.6,34,2.2,2.2,,
2/9/2023,359.4009,370.2786,432.5342,449.0086,378.5822,399.0058,2.7208,2.8282,278.76,1879.39,-126.18,8962.37,2767.48,1223.74,3977.4,98.55,101.99,111.72,42.94,1908.9,45.4,15.4,31.2,2.1,2.2,,
2/10/2023,359.0735,370.2484,433.0149,449.3123,383.6749,398.7756,2.7164,2.8225,187.77,1862.26,58.07,8938.48,2756.41,1405.19,3969.86,98.73,99.46,106.68,43.13,1843.6,45.4,15.4,30.7,2.7,2.2,,
2/13/2023,359.4698,369.9592,431.0451,447.2965,381.1763,396.4406,2.7111,2.8184,138.3,1861.08,-231.87,8790.72,2695.36,1267.38,3898.98,99.35,99.72,106.37,41.22,1971.9,46.7,13.8,30.8,2.6,2.2,,
2/14/2023,359.6455,369.9523,434.8137,450.605,383.3794,398.6989,2.704,2.8136,689.59,1857.22,-213.94,8638.92,2648.99,2254.16,3830.36,98.6,102.89,108.78,43.08,1847.2,45.4,15.6,31.3,2.1,2.2,,
2/15/2023,359.6092,369.8892,435.428,451.2234,383.326,398.6409,2.6882,2.7966,161.98,1857.32,-191.53,8628.58,2644.74,1876.31,3817.94,96.9,103.08,109.22,42.42,1832.6,45.7,17.1,29.1,2.3,2.2,,
2/16/2023,359.5764,369.8164,431.2878,447.076,382.4855,397.7767,2.6714,2.7767,197.6,1841.71,-207.96,8843.05,2718.31,2041.93,3923.13,97.65,101.54,106.97,43.7,2250.1,43.6,18.9,29.1,3,2.2,,
2/17/2023,359.4766,369.6666,428.2605,443.5531,380.7201,395.7525,2.6554,2.7582,829.55,1829.55,24.85,8848.36,2712.74,1276.75,3895.07,95.59,96.83,102.4,43.84,2234.3,44.7,21.3,25.7,2.9,2.2,,
2/20/2023,359.4464,369.5636,430.8491,446.1116,381.7114,396.6991,2.6603,2.7633,346.91,1842.99,-179.66,9082.33,2777.78,2279.83,3974.15,95.45,96.94,102.59,41.84,2078.6,46.6,21.1,24.6,2.5,2.2,,
2/21/2023,359.9702,369.3116,430.7551,445.9341,381.1355,396.0427,2.6589,2.7613,629.87,1842.62,-170.51,9146.35,2793.47,2424.35,4004.03,96.9,96.05,102.76,42.66,2214.1,44.1,22.2,25.1,2.9,2.2,,
2/22/2023,359.3576,368.6063,433.4352,448.6173,380.1493,394.9909,2.6465,2.7479,451.33,1836.22,-145.15,9160.25,2789.45,1807.14,4009.52,94.3,97.69,102.77,42.84,2225.1,45.8,21,24.3,3,2.2,,
2/23/2023,359.0062,368.5292,431.1699,446.4153,378.7016,393.5766,2.6449,2.749,115.95,1828.22,-79.76,9255.99,2824.1,1536.93,4066.52,92.45,94.8,100.45,43.63,2242,44.9,22.4,24.3,2.6,2.2,,
2/24/2023,358.7244,368.7702,429.9779,445.1817,378.3493,393.1688,2.6478,2.7518,235.43,1824.6,96.06,9315.87,2833.45,2118.63,4077.3,94.79,97.29,103.37,43.52,2019.4,44.8,22.2,24.8,2.6,2.2,,
2/27/2023,358.3621,367.9284,426.262,441.7196,375.8818,390.4237,2.616,2.7174,813.69,1813.69,-84.4,9198.63,2804.42,1205.04,4042.72,95.49,98.97,104.43,42.64,2190.8,45.8,19.2,26.1,3.7,2.2,,
2/28/2023,357.6822,366.9212,428.8705,444.3132,376.3599,390.9386,2.6049,2.7118,115.52,1818.55,-43.38,9188.48,2796.71,1414.13,3906.11,95.49,98.97,104.43,42.64,2190.8,45.8,19.2,26.1,3.7,6.6,,
3/1/2023,351.7219,362.9543,421.8177,438.071,370.6218,385.9241,2.5686,2.6749,171.29,1828.32,-129.44,9222.68,2805.26,1271.79,3912.65,96.16,100.83,106.33,43.7,2209.1,44.6,22.8,22.4,4.9,6.6,,
3/2/2023,343.9719,356.7393,411.1135,429.3269,364.8593,381.296,2.5101,2.6307,133.41,1834.8,-109.85,9333.83,2828.48,1451.69,3939.91,94.58,100.94,105.89,43.31,2231.4,45.1,24.2,21.8,3.8,6.6,,
3/3/2023,334.5016,348.0322,398.4192,417.7282,353.2467,370.7822,2.446,2.5634,840.15,1840.15,135.91,9444.92,2838.18,2858.54,3969.26,95.02,102.25,106.5,42.93,2208.8,45.4,22.7,22.6,4.1,6.6,,
3/7/2023,318.3051,335.7502,382.8037,405.2965,339.0744,359.9271,2.341,2.4801,389.92,1849.57,-117.58,9642.94,2869.14,3438.01,4009.27,99.6,102.89,106.95,42.16,2234.3,45.4,22.1,23.6,3.3,6.6,,
3/8/2023,313.7749,331.0583,370.6313,392.3973,330.1922,349.9939,2.2786,2.4163,144.23,1811.82,-90.54,9647.86,2851.54,3269.68,4015.87,96.39,99.9,104.08,43.92,2294,44.4,23.9,21.8,4.3,6.6,,
3/9/2023,307.3635,325.5218,364.2292,387.1099,324.2361,344.7613,2.2498,2.3853,268.46,1813.72,-53.56,9703.48,2865.93,2493.19,4027.37,96.2,98.11,102.29,44.98,2315.3,43.5,24.2,22.2,4.7,6.6,,
3/10/2023,311.6269,328.9042,370.0797,393.4981,328.3984,349.7183,2.2763,2.4249,213.91,1830.24,218.43,9606.96,2823.14,1775.96,3989.56,93.7,94.58,98.51,45.66,2240.6,42.8,25.8,23.3,3,6.6,,
3/13/2023,311.8237,328.8699,376.5949,399.0828,333.3681,353.0302,2.3184,2.4581,848.57,1882.75,-103.33,9491.04,2794.84,2091.22,3945.47,95.25,99.17,102.8,42.39,2272.5,45.2,22.1,24.3,2.9,6.6,,
3/14/2023,319.8479,335.6887,387.9264,410.0731,341.4234,361.2937,2.391,2.5272,181.99,1905.45,-128.06,9550.7,2791.33,1459.07,3962.32,95.25,99.17,102.8,42.39,2272.5,45.2,22.1,24.3,2.9,6.6,,
3/15/2023,327.5998,344.6634,398.2614,420.6839,351.6624,371.7899,2.4359,2.5804,303.05,1904.82,-101.04,9587.79,2809.99,1625.66,3983.95,92.5,95.79,99.92,43.64,2271.3,44.9,22.7,26.1,0.7,7.8,,
3/16/2023,329.0282,346.3312,397.4994,419.4414,348.3534,368.3891,2.4758,2.6187,910.37,1910.37,-118.47,9596.55,2814.61,1228.46,3983.88,89.3,89.84,93.62,43.5,2089,44.5,23.1,25.8,1.1,7.8,,
3/17/2023,332.2035,350.2275,403.0651,426.3677,353.202,373.7844,2.4951,2.6409,387.16,1924.61,110.43,9670.42,2840.11,1249.39,3998.43,90.5,93.87,96.74,43.02,2277,45.4,23.1,23.3,2.3,7.8,,
3/20/2023,331.7174,349.8726,404.2238,427.153,353.9077,374.6582,2.5144,2.6572,227.08,1974.7,-154.03,9699.96,2851.65,1797.84,4042.56,86.6,88.97,91.36,41.96,2227.2,30.6,29.3,32.1,2.4,7.8,,
3/21/2023,316.8483,334.9328,387.6711,411.1914,338.6857,359.7836,2.4069,2.5583,980.4,1980.4,-164.99,9604.43,2800.75,1477.74,4021.32,90.27,92.2,93.96,43.41,2278.3,29.8,31.9,32.3,0.8,7.8,50.56,50.56
3/22/2023,312.6153,330.1625,381.3984,404.4336,336.0832,356.3921,2.355,2.4992,940.51,1940.51,-178.5,9527.05,2768.27,1512.19,4025.75,91.3,92.64,95.05,44.32,2275.2,27.5,32.6,33.3,1.2,7.8,50.56,50.56
3/23/2023,311.2617,328.6083,382.1861,404.2407,338.2864,358.1529,2.3743,2.5191,419.77,1975.34,-190.39,9395.98,2722.94,3437.6,3987.98,93.93,94.07,96.77,44.3,2120,24.6,35.9,33.3,0.9,7.8,50.56,50.56
3/24/2023,314.7491,331.3791,385.35,408.0819,340.0548,360.556,2.4095,2.5535,720.71,1991.7,25.48,9419.35,2725.52,1904.17,3985.41,94.8,92.5,96.28,43.03,2216.9,30,33.1,30.5,0.8,7.8,50.56,50.56
3/27/2023,314.825,332.5841,384.2781,406.8658,338.0877,358.5614,2.4033,2.5469,975.41,1975.41,-196.32,9285.21,2677.98,871.03,3943.7,94.5,91.15,94.36,44.96,2364.6,28.6,28,37.6,0.3,7.8,50.56,50.56
3/28/2023,315.8454,332.8711,387.4934,410.0811,340.5043,360.6991,2.4076,2.5516,961.25,1961.25,-196.81,9233.4,2656.3,861.78,3924.66,97.7,94.23,97.23,46.62,2329.6,27.7,32.6,33.5,0.8,7.8,50.56,50.56
3/29/2023,315.7075,333.4925,389.9168,412.2494,343.0579,363.1341,2.4024,2.544,968.84,1968.84,-190.52,9272.43,2673.25,1463.18,3911.35,98.2,93.39,95.9,46.67,2414.8,27.8,32.7,33.5,0.7,7.8,50.56,50.56
3/30/2023,317.7257,335.411,390.1318,412.6719,343.977,363.9907,2.391,2.5325,117.86,1960.21,-190.13,9228.5,2664.26,912.68,3880.56,94.15,92.26,95.1,45.38,2266.3,28,33.1,33.1,0.5,7.8,50.56,50.56
3/31/2023,318.277,336.0123,393.8328,416.4436,346.7229,366.712,2.388,2.5302,600.2,1983,27.85,9301.09,2682.83,4268.66,3903.54,94.2,91.56,94.55,46.05,2335.9,35.5,30.6,27.8,0.8,7.8,50.53,50.53
4/3/2023,316.7511,334.2094,388.9494,411.2013,342.0515,361.9118,2.3693,2.5119,957.7,1957.7,-224.2,9236.93,2676.48,569.96,3896.48,101.9,97.56,99.99,44.29,2169,35,24,34,1.1,7.8,50.53,50.53
4/4/2023,313.3744,330.5038,388.1148,410.288,340.6536,360.7484,2.355,2.4949,980.4,1980.4,-27.52,9173.97,2664.27,768.31,3869.73,102.5,96.16,100.45,44.16,2118.9,28.3,28.6,34.9,2.2,7.8,50.53,50.53
4/6/2023,313.2952,330.5619,388.4395,410.682,339.8053,359.9918,2.3827,2.5189,104.17,2011.14,6.11,9256.9,2685.91,811.91,3911.73,102.1,95.82,100.24,45.45,2264.8,24.7,30.1,38.6,0.8,7.8,50.53,50.53
4/10/2023,311.6379,327.7229,385.3604,407.8118,338.4791,358.6128,2.342,2.4801,993.3,1993.3,-250.59,9322.85,2728.01,1296.87,3953.62,102.3,94.84,99.5,42.58,2193.8,26.4,31.7,33.7,2.2,7.8,50.53,50.53
4/11/2023,311.4414,327.6693,385.1068,406.9601,338.031,357.512,2.3287,2.4626,193.51,1996.79,-159.87,9411.69,2769.58,1673.57,4008.88,102.1,93.32,98.92,41.34,2144.9,27.2,34.3,29.8,2.3,7.8,50.53,50.53
4/12/2023,311.5607,327.1787,386.1358,407.6811,339.2251,358.5823,2.3217,2.4538,16.68,2016.68,18.67,9415.28,2754.23,947.5,3995.09,102.1,93.32,98.92,39.24,2073.4,28.7,34.9,28.5,1.5,7.8,50.53,50.53
4/17/2023,312.0717,327.0215,385.3529,406.8028,341.2018,360.4612,2.3243,2.4528,220.24,2004.9,-187.94,9405.9,2767.88,1292.16,4008.48,98,92.3,99.05,39.77,2072.4,48.5,13.8,30.3,0.8,7.8,50.53,50.53
4/18/2023,312.4139,327.4612,385.8713,406.9916,340.6283,359.7534,2.3168,2.4455,233.2,1997.62,-199.77,9345.53,2728.95,1144.27,3991.41,96.2,91.57,98.17,44.14,2267.8,44.2,25.6,24.4,0.3,7.8,50.53,50.53
4/19/2023,312.9164,327.7272,387.4299,408.4331,342.3124,361.2854,2.3227,2.451,4.99,2004.99,-185.41,9291.42,2710.43,632.74,3958.93,95.4,90.29,96.45,47.37,2347.1,41.1,27.2,25.1,1.1,7.8,50.53,50.53
4/20/2023,313.1292,327.8921,388.2389,409.1618,342.1609,361.1187,2.3169,2.4445,247.09,1993.39,-175.36,9279.19,2718.22,933.46,3955.08,91.65,88.07,95.05,48.25,2312.4,40.4,29.7,21.7,3.2,7.8,50.53,50.53
4/21/2023,313.0593,328.5152,388.3984,409.8398,342.623,361.676,2.331,2.4603,311.51,2002.5,-1.01,9260.41,2711.1,966.84,3943.74,90.8,87.09,93.5,47.47,2212.9,41,31.3,18.5,3.9,7.8,50.53,50.53
4/24/2023,313.3347,328.4847,388.9437,409.9308,343.3922,362.3782,2.3273,2.4547,146.48,1981.96,-191.57,9187.29,2683.75,678.66,3913.55,91.2,87.51,93.99,44.56,2074,43.7,28.3,21.9,0.5,7.8,50.53,50.53
4/25/2023,313.2667,328.5407,390.7673,411.4992,345.7907,364.5059,2.3271,2.4544,292.96,1996.79,-169.96,9125.32,2656.88,1144.96,3883.7,92.5,89.95,96.46,43.93,1886.8,44.1,30.7,19,0.4,7.8,50.53,50.53
4/26/2023,313.4509,328.6723,388.6465,409.2464,343.3733,362.2232,2.342,2.4688,114.4,1998.01,-132.21,9091.72,2646.48,740.53,3871.75,89.75,87.12,94.1,43.24,1964.5,44.1,29.5,19.9,0.7,7.8,50.53,50.53
4/27/2023,313.8324,328.7701,390.795,411.2509,345.9809,364.7276,2.3424,2.4686,161.94,1998.29,-147.68,9012.4,2625.2,928.75,3834.19,87.1,83.76,91.3,44.63,2213.4,43.6,31.2,18.8,0.6,7.8,50.53,50.53
4/28/2023,313.9239,328.7514,391.3463,411.7666,344.9998,363.6566,2.3349,2.4608,195.11,1989.4,46.34,8983.21,2617.79,895.77,3823.37,88.1,82.73,90.18,44.5,2089.6,43.8,30.8,19.4,0.8,7.8,35.335,35.335
5/2/2023,313.7362,328.4158,391.6489,411.91,343.8195,362.4796,2.2752,2.4023,981.67,1981.67,-146.7,8711.46,2514.37,983.95,3707.03,88.3,83.73,90.74,42.91,2090.7,43.8,22.4,25.9,1.6,7.8,35.335,35.335
5/3/2023,313.0513,327.9562,390.4879,410.6642,344.3821,362.9363,2.2959,2.4197,17.88,2017.88,-112.57,8799.91,2534.03,611.67,3750.25,83.6,77.33,85.39,44.31,2106.4,42.6,23.1,25.5,2.5,7.8,35.335,35.335
5/4/2023,312.5034,326.6292,392.679,412.5686,345.4091,363.703,2.3166,2.4391,43.4,2043.4,88.58,8830.36,2558.67,252.41,3759.41,81.55,77.86,85.94,43.48,2087.6,44.4,21.8,26.7,0.9,7.8,35.3,35.3
5/8/2023,312.1955,326.3198,393.8767,414.0478,343.5567,361.7984,2.3104,2.4309,19.33,2019.33,-161.93,8926.58,2593.44,885.2,3781.83,84.85,82.36,90.34,44.41,2073.9,43.2,19,30.4,1.1,7.8,35.3,35.3
5/9/2023,311.0091,325.9516,391.6879,411.5682,341.1064,359.132,2.2995,2.4191,23.64,2023.64,3.34,8914.74,2604.47,667.81,3785.08,83.1,82.19,90.51,44.32,2050.6,42.1,24,24.9,2.7,7.8,35.3,35.3
5/10/2023,310.9048,324.8084,391.5681,411.5281,340.0875,358.0975,2.2945,2.4137,32.19,2032.19,-121.31,8892.37,2588.63,415.34,3769.69,84,82.6,90.27,45.43,2171.1,41.5,23.2,26,3.1,7.8,35.3,35.3
5/11/2023,308.6645,322.7018,388.8327,408.6321,337.6695,355.9612,2.2946,2.4154,31.83,2031.83,-105.06,8949.82,2603.92,589.74,3779.58,84.95,83.92,91.4,45.46,2000,39.1,19,26.3,9,7.8,35.3,35.3
5/12/2023,306.3886,320.0375,382.6087,401.9821,333.3858,351.1345,2.2695,2.3877,11.91,2011.91,49.41,8927.74,2587.89,785.79,3761.93,82.75,81.43,88.63,44.38,2142.1,40.1,12.9,29.7,10.9,7.8,35.3,35.3
5/15/2023,306.1892,319.9619,380.5457,400.1409,331.3943,349.2974,2.2441,2.3642,13.91,2013.91,-42.38,8906.2,2569.37,676.58,3745.59,83,80.45,87.53,44.85,2219.7,28.2,24.7,31.7,8.1,7.8,35.3,35.3
5/16/2023,305.4335,318.7965,381.4708,400.7767,330.8848,348.5502,2.2386,2.3546,111.82,2016.74,-46.09,8823.01,2542.68,945.27,3717.29,83.33,83.02,89.71,47.72,2311.4,27.3,27.4,34.3,4.9,7.8,35.3,35.3
5/17/2023,302.4257,316.188,376.6772,396.141,327.4661,345.1132,2.2101,2.3267,232.82,1991.52,-41.59,8823.28,2539.17,698.99,3722.07,82.75,82.66,88.45,49.09,2351.7,26.4,29.1,33,5.3,7.8,35.3,35.3
5/18/2023,299.2144,312.3715,372.6504,391.3036,323.3302,340.2989,2.1696,2.2825,130.7,1984.75,-43.77,8780.21,2507.71,624.89,3707.68,82.75,82.66,88.45,49.28,2280.5,26.4,31.5,31.5,4.7,7.8,35.3,35.3
5/19/2023,300.6519,314.0848,371.5581,390.805,322.4615,339.7672,2.1654,2.2775,958.85,1958.85,51.56,8716.96,2478.4,524.49,3675.75,88.6,84.27,90.14,48.08,2205,27,31.5,28.4,6.9,7.8,35.3,35.3
5/22/2023,299.7149,313.8244,372.9076,391.8096,323.2367,340.7976,2.1714,2.2865,978.5,1978.5,-126.59,8611.38,2434.31,599.03,3639.22,88,82.05,88.22,45.69,2240,26.3,30.7,30.2,6.2,7.8,35.3,35.3
5/23/2023,299.1941,312.3359,370.978,389.7115,321.8655,339.2152,2.1506,2.2612,191.78,1962.3,-104.33,8635.31,2448.89,727.51,3635.41,88.05,82.56,88.76,47.25,2192,31.4,31.6,26.5,4,7.8,35.3,35.3
5/24/2023,297.9878,311.2316,369.2272,387.8731,319.8722,336.8965,2.1464,2.2572,196.32,1974.74,-116.88,8755.17,2496.55,940.72,3694.9,90,83.31,89.42,47.36,2290.3,37.2,24.3,25.7,6.4,7.8,35.3,35.3
5/25/2023,297.6055,310.9562,366.5521,384.9328,318.4855,335.4066,2.1257,2.2352,507.63,1957.05,-73.42,8712.72,2489.82,893.54,3671.86,89.3,83.88,90.03,48.39,2312.8,35.7,26.3,24.5,7.1,7.8,35.3,35.3
5/26/2023,295.6297,308.5472,363.4326,381.808,315.4899,332.9832,2.1082,2.2172,246.47,1947.55,76.94,8697.07,2480.76,729.71,3660.81,87.28,82.42,88.41,48.34,2247.4,35.3,26,25.7,7.1,7.8,35.3,35.3
5/29/2023,289.8986,303.264,357.3274,375.7094,310.0947,326.8142,2.0576,2.1655,945.76,1945.76,-111.32,8575.11,2428.92,518.93,3609.92,88,83.5,89.45,48.91,2215.7,34.9,21.7,33.3,3.9,7.8,35.3,35.3
5/30/2023,290.6745,303.9548,358.171,376.4569,309.9647,326.8542,2.0658,2.1753,145.14,1945.5,-22.87,8532.6,2420.73,575.34,3587.46,87.2,82.23,88.18,49.03,2277.9,35,21.5,33.5,4.1,7.8,35.3,35.3
5/31/2023,287.8711,300.921,355.6451,374.1182,306.7422,323.7015,2.0525,2.1613,953.75,1953.75,-84.46,8555.17,2421.49,348.94,3598.3,85,79.46,85.18,48.09,2294,35.1,19.8,33.7,5.3,7.8,25.2,25.2
6/1/2023,283.8763,297.2316,352.3039,370.9486,302.2424,319.3626,2.0303,2.1407,964.9,1964.9,-153.35,8691.61,2470.42,1335.53,3662.38,83.6,79.47,85.27,47.72,2204.6,36.1,21,30,6.7,7.8,25.2,25.2
6/2/2023,287.4258,300.3287,359.0798,377.5161,308.0033,324.7492,2.063,2.1731,978.93,1978.93,84.67,8753.8,2487.29,738.51,3698.35,83.6,79.47,85.27,47.07,2170.9,36.3,19.5,31,6.9,7.8,25.2,25.2
6/5/2023,285.6164,298.8583,353.8887,372.5395,304.1967,321.0999,2.0304,2.1406,945.1,1945.1,-112.8,8766.6,2489.88,710.43,3698.86,89,85.06,90.86,46.36,2148.7,36.6,19.2,28.6,9.1,7.8,25.2,25.2
6/6/2023,284.8487,297.9434,353.3969,371.9711,303.9065,320.887,2.0341,2.1451,962.45,1962.45,-127.8,8746.45,2478.36,482.24,3685.46,86.7,82.4,88.51,47.12,2203.6,34.7,23.4,28.3,7.3,7.8,25.2,25.2
6/7/2023,285.5677,298.4378,353.5696,371.6976,303.6215,320.6391,2.0407,2.1523,964.84,1964.84,-115.78,8722.06,2463.82,554.45,3673.78,87.75,83.5,89.64,47.79,2123.7,34.9,23.3,25.6,9.8,7.8,25.2,25.2
6/8/2023,285.69,298.9191,354.8732,373.3916,304.719,321.6396,2.0361,2.1465,340.02,1945.49,-132.96,8767.34,2475.11,853.74,3685.04,88.95,85.23,91.23,47.24,2154.4,34.4,22.7,26.6,9.8,7.8,25.2,25.2
6/9/2023,288.0867,301.1291,360.5954,379.1622,309.689,326.1485,2.0611,2.173,239.04,1963.79,35.65,8818.39,2494.68,2198.19,3692.84,87,84.81,90.49,46.63,2168.4,33.7,24.3,25.2,10.4,7.8,25.2,25.2
6/12/2023,290.0692,303.7392,364.1373,382.613,310.6194,327.3725,2.072,2.1844,272.5,1955.99,-120.82,9014.83,2548.34,1161.09,3776.07,88,81.9,87.59,44.68,2042.8,23.8,33.1,27.7,8.8,7.8,25.2,25.2
6/13/2023,294.9114,309.2237,368.7269,388.6424,316.3531,334.7591,2.1104,2.2281,199.2,1957.44,-126.5,9069.64,2569.74,1591.77,3816.33,87.7,81.6,87.38,44.93,2070.4,24.2,31.3,29,9,7.8,25.2,25.2
6/14/2023,303.1925,318.9974,381.696,403.3831,325.7842,345.3423,2.1576,2.2879,492.81,1947.8,-125.25,9216.49,2634.81,2709.64,3876.07,89,84.62,90.51,45.45,2175.2,23.9,33.8,29.5,6.5,7.8,25.2,25.2
6/15/2023,311.6057,328.9272,392.7211,417.0095,335.9432,356.9234,2.2049,2.3396,172.44,1934.35,-73.54,9279.28,2642.42,2853.17,3863.43,87.95,83.18,88.9,47.54,2260.4,23,34.9,31.5,4.4,-11.5,3.6,3.6
6/16/2023,300.5194,319.66,384.0892,409.4678,328.3407,351.0182,2.1382,2.2856,223.42,1958.37,-37.22,9248.56,2638.82,1878.54,3851.78,90.85,86.68,92.99,47.73,2239.8,26.3,33.5,26.5,7.5,-11.5,3.6,3.6
6/19/2023,297.5388,315.1281,380.0519,404.692,324.0691,345.7238,2.0936,2.2297,955.15,1955.15,-175.15,9181.22,2608.87,580,3826.14,91.8,88.23,94.01,45.55,2177,24.8,33.5,29.9,5.4,-11.5,3.6,3.6
6/20/2023,297.2877,314.3802,380.0096,403.5242,323.8327,344.8839,2.0935,2.2262,950.42,1950.42,-147.73,9159.53,2606.15,923.33,3834.69,92.5,86.91,92.86,47,2198.6,24.1,36.1,25,8.6,-11.5,3.6,3.6
6/21/2023,298.4708,314.4947,379.6933,402.236,324.4547,344.5365,2.101,2.2276,938.54,1938.54,-141.44,9295.4,2657.11,1644.06,3884.07,88.45,85.7,91.53,47.09,2133.7,24,35.6,25.7,8.5,-11.5,2.1,2.1
6/22/2023,298.5485,314.963,380.2528,402.5166,327.0445,346.8606,2.1024,2.2268,932.79,1932.79,-155.16,9307.87,2667.06,1949.04,3890.34,88.55,87.97,93.48,46.71,2190.1,24.2,35.5,26,7.9,-11.5,2.1,2.1
6/23/2023,299.0378,314.365,379.4488,400.9091,326.1043,345.1566,2.0847,2.2067,911.82,1911.82,-10.02,9339.43,2673.61,1162.95,3889.3,85,83.46,89.1,47.56,2158.8,23.8,33.5,27.3,9.1,-11.5,2.1,2.1
6/26/2023,299.8333,314.9261,380.7456,401.966,325.9044,344.7178,2.0833,2.203,136.16,1925.65,-239.54,9434.26,2714.86,2234.56,3901.17,85.7,83.95,89.34,44.74,2148.4,25.1,30.9,27.5,9.7,-11.5,2.1,2.1
6/27/2023,301.3255,316.7243,382.8375,403.5236,328.4622,346.8894,2.0968,2.2153,204.56,1927.35,-179.74,9368.91,2694.92,1447.3,3872.06,85.9,85.89,90.88,45.62,2117.9,24.8,33,26.1,9.7,-11.5,2.1,2.1
6/28/2023,301.159,316.6728,383.0155,403.3282,328.7852,347.5262,2.0891,2.2057,409.72,1914.49,-55.15,9442.95,2713.65,2265.3,3901.28,85.9,85.89,90.88,44.89,2110.6,25.1,31.3,28.4,8.8,-11.5,2.1,2.1
7/4/2023,299.8709,314.9879,379.877,400.7031,326.2716,344.97,2.0696,2.1863,889.22,1921.58,-177.49,10076.64,2973.12,7288.16,4128.65,84.75,84.69,90.1,40.98,1978,26.4,15.4,40.8,11.4,-11.5,2.1,2.1
7/5/2023,298.898,313.668,379.0665,399.8806,324.4317,342.9584,2.063,2.1794,578.28,1924,-232.52,10176.13,3013.37,4945.79,4168.67,83.95,86.39,91.63,40.88,1911.3,25.9,10.9,45.6,11.7,-11.5,2.1,2.1
7/6/2023,300.0054,315.1016,380.3842,401.1871,324.4139,343.1959,2.0732,2.1908,153.9,1919.15,-272.77,10194.47,3002.53,3228.66,4183.92,85.2,87.91,92.85,41.31,2087.1,25.1,13.7,46.3,9.1,-11.5,2.1,2.1
7/7/2023,302.6459,317.0914,384.4902,404.8028,328.2758,346.6968,2.0959,2.212,262.1,1910.59,-105.94,10301.96,3022.38,3021.24,4229.97,84.98,88.25,93.33,41.3,2041.5,26.5,16.1,42.4,8.7,-11.5,2.1,2.1
7/10/2023,304.0216,318.2388,388.3071,408.9209,331.6056,350.037,2.1241,2.2376,223.26,1924.65,-167.77,10311.25,3003.96,2131.23,4235.14,86.28,89.77,94.67,44.77,2132,24.8,29.7,33.5,6.2,-11.5,2.1,2.1
7/11/2023,305.1317,319.3229,391.5044,412.0644,335.0428,353.1223,2.1606,2.2746,380.25,1926.98,-179.62,10315.81,3003.5,2665.63,4236.23,89.1,90.43,95.71,45.75,2162.6,24.5,35.3,30,4.5,-11.5,2.1,2.1
7/12/2023,306.1518,320.6817,396.5362,416.5925,337.011,355.0798,2.1885,2.3048,136.75,1940.86,-175.54,10489.98,3060.5,3058.01,4302.18,91,91.47,96.64,46.11,2208.1,24.3,35,26,9,-11.5,2.1,2.1
7/13/2023,308.1626,321.8765,399.5335,420.0118,341.9239,360.2418,2.2163,2.3343,536.77,1959.65,-166.71,10491.52,3058.32,5096.73,4300.72,93,93.25,98.05,46.12,2173.5,24.3,35.8,24.5,9.4,-11.5,2.1,2.1
7/14/2023,310.4938,324.6783,406.6831,427.3132,347.6261,366.0649,2.2788,2.3696,962.54,1962.54,-55.49,10595.02,3106.77,2709.81,4328,94.25,92.8,98.04,45.71,2192.1,29,25.8,31,8,-11.5,2.1,2.1
7/17/2023,313.2921,327.1641,408.8345,429.4727,350.9697,368.784,2.2529,2.3705,951.54,1951.54,-189.2,10727.99,3156.92,3123.21,4363.22,93.95,91.3,96.57,46.73,2251.3,27,31.2,28.3,7.6,-11.5,2.1,2.1
7/18/2023,314.9592,328.6534,412.3249,431.3471,353.1843,371.1703,2.267,2.3814,151.62,1957.46,-214.64,10796.07,3162.66,3168.52,4356.9,94,91.59,96.85,47.5,2273.7,18.4,37.6,28.9,9.2,-11.5,2.1,2.1
7/19/2023,315.2616,328.9299,409.9983,429.6656,353.4656,370.829,2.2599,2.3735,473.64,1974.94,-174.68,10927.29,3184.54,4577.11,4370.64,95.5,93.36,98.63,47.63,2263.9,23.6,33.1,27.1,10.3,-11.5,2.1,2.1
7/20/2023,316.3078,330.2942,409.402,429.0139,354.4659,372.1704,2.2673,2.382,244.32,1985.53,-183.48,11026.83,3205.16,4170.1,4415.3,94.77,95.12,100.17,47.19,2246.2,23.8,33.7,26.4,10.1,-11.5,2.1,2.1
7/21/2023,318.7256,331.9854,409.7381,428.9752,353.9607,371.5511,2.2664,2.3791,145.43,1970.95,4.67,11106.54,3231.83,3290.82,4445.08,97.2,96.62,101.49,47.04,2200.5,23.8,34.2,27.2,8.6,-11.5,0.8,0.8
7/24/2023,321.1045,334.5576,412.5195,432.0469,356.5076,374.2506,2.2649,2.3776,564.36,1961.65,-161.5,11093.92,3218.32,2603.21,4441.73,98.25,98.79,103.47,46.77,2246.4,23.9,32.2,30.3,8,-11.5,0.8,0.8
7/25/2023,323.0392,336.1624,413.5334,433.0989,356.3336,374.2907,2.2786,2.3913,294.85,1962.9,-177.24,11069.44,3198.99,2530.26,4427.73,98.55,100.23,105.14,46.67,2105,24,34.7,26.3,9.2,-11.5,0.8,0.8
7/26/2023,323.6966,337.1774,416.4545,435.4819,356.4829,373.808,2.2887,2.3995,962.89,1962.89,-170.92,10985.08,3167.38,1596.95,4402.25,99.59,100.4,105.27,46.01,2182.1,24.4,33.9,27.9,8,-11.5,0.8,0.8
7/27/2023,322.8497,335.8919,417.9072,436.2509,357.1091,374.1763,2.304,2.4114,858.35,1980.42,-153.88,11257.82,3273.76,3362.62,4483.35,100.5,103.57,108.21,47.38,2267.1,35.8,27.2,22.6,8.5,-11.5,0.8,0.8
7/28/2023,322.6693,335.6506,412.4627,430.8786,353.4114,370.2678,2.3057,2.4126,393.72,1950.31,-9.82,11312.19,3277.53,7777.34,4496.67,100.95,104.53,109.07,47.38,2239.3,37.4,26.8,24.1,5.8,-11.5,0.8,0.8
7/31/2023,322.9613,335.4036,413.7911,432.2632,354.1359,370.9848,2.2707,2.3786,216.52,1957.43,47.75,11386.72,3309.6,2753.32,4537.3,101.1,107.03,110.32,46.86,1758.5,27.5,36.2,24.3,6.2,-11.5,0.8,0.8
8/2/2023,309.7055,322.6856,394.1694,413.5403,338.7341,356.1942,2.1547,2.2624,456.32,1948.44,-206.12,11446.83,3321.06,3867.94,4545.63,102.25,111.41,113.35,47.89,2282.4,27,36.4,24.3,6.5,-11.5,0.8,0.8
8/3/2023,308.6091,322.2084,390.0848,410.7656,335.1872,353.8639,2.1395,2.2589,774.53,1937.8,-167.95,11582.34,3389.67,6619.19,4583.84,96,110.48,111.74,48.96,2289,26.3,36.5,23.6,8,-11.5,0.8,0.8
8/4/2023,312.5592,326.658,397.2294,416.4706,341.2873,358.8861,2.1881,2.2956,656.89,1935.29,-31.28,11633.51,3411.06,4390.37,4602.27,98,111.84,114.67,49.12,2303.5,26,38.1,23.8,6.3,-11.5,0.8,0.8
8/7/2023,315.0574,328.5784,400.8343,420.1472,345.3689,363.1197,2.2138,2.3246,321.93,1940.99,-171.64,11681.66,3447.44,3001.62,4593.85,98.5,109.41,113.95,48.19,2315.6,22.4,39.5,26.1,6,-11.5,0.8,0.8
8/8/2023,315.1109,328.6038,401.215,420.684,344.9888,362.6391,2.1913,2.3044,656.52,1933.74,-170.74,11724.22,3470.13,2733.5,4600.9,98,107.33,111.87,49.49,2313.7,13.5,40.3,33.2,7.5,-11.5,0.8,0.8
8/9/2023,314.947,327.522,399.9822,418.9176,343.3976,360.5729,2.1848,2.2959,390.28,1928.84,-178.93,11631.97,3447.96,1960.54,4581.08,98,107.33,111.87,49.71,2286.4,13.1,41.9,34.6,4.7,-11.5,0.8,0.8
8/10/2023,313.6129,326.7861,397.3759,416.6926,343.0285,360.2568,2.1686,2.2816,40,1919.13,-187,11649.99,3448.59,3538.62,4580.04,100,114.84,119.56,49.47,2348.8,13.2,42.4,33.9,4.9,-11.5,0.8,0.8
8/11/2023,313.7834,326.9576,396.709,415.8965,343.5518,360.8008,2.1571,2.2688,648.99,1914.39,-85.94,11596.16,3420.56,3182.75,4567.91,103.6,112.53,118,48.93,2220.1,13.2,43.8,34.4,3,-11.5,0.8,0.8
8/14/2023,313.9936,326.8853,396.4311,415.5868,341.8135,359.1276,2.1558,2.2664,13.59,1911.24,-223.89,11392.22,3311.08,3986.13,4516.27,103.71,111.9,117.1,47.72,2293.3,13.6,42,30.1,8.6,-11.5,0.8,0.8
8/15/2023,314.7214,328.0221,398.2839,417.0703,342.2456,359.2925,2.1524,2.2632,155.54,1906.25,-248.95,11224.22,3257.35,2119.31,4473.32,102.76,110.77,116.37,48.93,2324.5,13.2,40.9,31.6,8.6,-11.5,0.8,0.8
8/16/2023,314.4528,327.8235,397.9843,416.9067,341.5449,358.6229,2.1517,2.2597,963.26,1904.05,-87.81,11386.4,3314.63,4359.75,4530.26,102,108.7,114.32,49.24,2329.2,21.2,41,23.4,8.7,-11.5,0.8,0.8
8/17/2023,314.7805,327.8749,399.2601,417.9687,340.819,357.715,2.1418,2.2485,272.18,1893.25,-98.42,11425.69,3299.99,4651.91,4528.68,101.5,108.79,115.25,49.41,2338,26.3,36.6,23.1,8.7,-11.5,0.8,0.8
8/18/2023,316.2866,329.4982,402.6849,421.1886,343.3219,360.1324,2.1688,2.2743,285.9,1893.9,-2.91,11403.92,3266.68,4180.91,4521.35,101,110.88,117.55,48.94,2261.5,26.5,36.7,22.7,8.5,-11.5,0.8,0.8
8/21/2023,316.7286,329.597,402.1848,420.7459,343.2621,359.9156,2.1706,2.2735,272.65,1889.97,-194.6,11338.5,3238.4,4378.36,4489.5,102,112.6,119.37,49.6,2357,26.1,37.8,25.6,4.8,-11.5,4.6,4.6
8/22/2023,316.9953,329.7506,403.887,422.247,344.6288,361.3377,2.1661,2.2683,307.24,1896.25,-168.55,11279.03,3204.26,2930.85,4468.01,101,109.53,115.75,50.66,2336,25.4,39.7,23.4,6.4,-11.5,4.6,4.6
8/23/2023,317.4681,329.8616,403.4693,421.7683,343.2933,359.9608,2.1708,2.2759,177.15,1901.05,-162.94,11385.47,3249.17,2971.03,4504.04,104.2,110.58,117.11,50.24,2342.2,25.9,39.3,22.9,6.5,-11.5,4.6,4.6
8/24/2023,317.4823,329.8198,402.7351,420.7924,343.4827,360.0968,2.1803,2.2853,130.13,1919.1,-188.27,11262.92,3195.65,2430.1,4469.93,102.25,109.86,117.04,50.16,2351.6,26,38.6,21.8,8,-11.5,4.6,4.6
8/25/2023,317.8017,329.6392,398.6044,416.5799,341.4455,357.4611,2.169,2.2693,137.36,1916.85,26.45,11207.11,3169.8,1996.59,4449.46,104.1,111.99,119.56,49.69,2332.2,26.2,39.1,20.8,8.3,-11.5,4.6,4.6
8/28/2023,317.9628,329.5226,399.2494,416.7778,341.9833,358.1514,2.1638,2.2612,235.92,1915.77,-150.48,11169.73,3152.84,2255.36,4433.95,104.2,114.88,122.62,49.37,2311,26.3,39.1,20.3,8.7,-11.5,4.6,4.6
8/29/2023,317.8342,329.5445,400.0641,417.6223,342.8394,358.9505,2.1615,2.2623,921.59,1921.59,51.88,11165.59,3150.26,1647.75,4435.62,104,112.2,120.02,47.98,2138.7,27.1,38.3,19.2,9.9,-11.5,4.6,4.6
8/31/2023,315.3357,326.9396,399.858,417.485,342.6382,358.9868,2.1527,2.2527,199.49,1946.84,-101.11,11114.17,3131.07,1669.07,4441.26,102.1,109.22,116.57,46.55,2131.9,27.9,39.4,21.7,5.6,-11.5,4.6,4.6
9/1/2023,314.1999,325.8676,396.6995,414.3023,339.082,355.2288,2.1507,2.2509,942,1942,84.3,11156.42,3153.65,1842.96,4449.06,102.1,109.22,116.57,44.86,2079.6,29,36,20.2,8.9,-11.5,4.6,4.6
9/4/2023,313.9388,326.2837,394.7815,412.0816,337.049,353.2573,2.141,2.2408,41.93,1944.86,-109.37,11374.64,3234.27,3325.33,4515.61,102.35,110.77,118.1,40.98,2058.4,27.5,20.1,35.1,11,-11.5,4.6,4.6
9/5/2023,314.8702,326.653,396.183,413.7666,338.1376,354.3514,2.1396,2.2388,108.29,1935.88,-70.64,11474.95,3268.67,2713.6,4533.55,102.5,111.46,118.78,42.24,2109.1,29.7,26.5,27.1,10.7,-11.5,4.6,4.6
9/6/2023,315.934,327.5101,395.7537,413.3727,337.3176,353.4753,2.133,2.232,925.6,1925.6,-63.92,11353.65,3218.84,2275.23,4495.71,102.1,114.03,121,42.4,2027,29.5,24.6,29.6,11,-11.5,4.6,4.6
9/7/2023,316.2754,328.0638,394.2287,411.8481,337.345,354.2402,2.1312,2.2347,290.28,1918.85,-53.24,11357.45,3213.46,1532.46,4504.48,103.3,113.42,120.48,41.64,1986.6,30,25.8,26.7,11.6,-11.5,4.6,4.6
9/8/2023,316.3124,327.9947,394.2211,411.6973,337.5267,353.6961,2.141,2.2405,926,1926,131.58,11466.07,3248.36,1140.88,4545.3,103.9,115.43,122.24,40.32,2049.9,30.5,22.7,28.3,12,-11.5,4.6,4.6
9/11/2023,316.2925,327.6048,393.9225,411.2149,337.4802,353.4145,2.1483,2.2487,923.62,1923.62,-58.07,11386.73,3221.82,1150.44,4522.45,104.5,116.59,123.71,42.19,2042.9,26.3,27.4,28.8,11,-11.5,4.6,4.6
9/12/2023,316.5407,327.9261,394.8818,412.0513,338.5441,354.4525,2.1484,2.2486,922.4,1922.4,-74.64,11348.25,3208.13,919.78,4513.45,105.45,117.93,124.37,43.51,2190.8,24.5,26.6,32.6,9.9,-11.5,4.6,4.6
9/13/2023,316.7737,328.5308,394.4617,411.5342,338.968,354.879,2.1413,2.24,141.26,1910.27,-44.62,11438.82,3237.29,1788.74,4535.47,106.95,118.47,125.1,44.13,2116.8,25.4,29.5,29.7,9.4,-11.5,4.6,4.6
9/14/2023,318.0857,329.5704,396.3314,413.5047,340.1677,356.1193,2.1545,2.2532,909.54,1909.54,37.34,11532.69,3264.42,1452.41,4566.32,108.05,120.19,126.38,43.49,2081.6,25.9,29.3,29.2,10.2,-11.5,4.6,4.6
9/15/2023,317.5436,328.8809,393.1371,410.1098,336.4764,352.1372,2.1435,2.2434,915.31,1915.31,147.53,11465.73,3244.51,784.05,4547.56,109.54,122.49,128.36,42.2,2093,26.5,28.4,29.1,9.6,-3.1,4.6,4.6
9/18/2023,317.6039,328.8363,392.4038,409.2155,337.1925,352.8325,2.1417,2.2385,927.35,1927.35,-72.39,11363.64,3213.42,659.84,4511.49,109.57,118.45,124.08,42.52,2027.8,26.1,29.3,29.7,8.7,-3.1,4.6,4.6
9/19/2023,318.263,329.6034,392.9961,409.7921,338.6503,354.3157,2.1471,2.244,933.2,1933.2,-76.99,11248.5,3167.65,900.23,4479.77,108.48,115.2,121.05,42.58,1985.8,26.6,28.2,30.1,8.9,-3.1,4.6,4.6
9/20/2023,318.6982,329.9359,393.7333,410.5549,338.9876,354.6579,2.1484,2.2453,930.65,1930.65,-32.35,11274.33,3172.81,1099.69,4488.89,106.8,115.62,121.76,42.02,2126.3,26.4,28.6,31.6,7,-3.1,4.6,4.6
9/21/2023,318.9021,329.9016,392.1542,408.2828,337.7531,353.0738,2.1422,2.239,176.14,1926.68,-44.22,11207.98,3154.43,1197.13,4463.9,103.75,116.5,122.91,44.15,2129.6,21.5,30.8,34,7.5,-3.1,4,4
9/22/2023,318.5188,329.5513,390.1992,406.2374,337.4686,352.8462,2.1448,2.239,925.25,1925.25,58.39,11256.52,3178.59,1109.23,4489.01,103,118.48,124.59,43.09,2061.9,22.2,32.4,30.7,8.7,-3.1,4,4
9/25/2023,318.7387,329.7702,389.1705,405.3628,337.8544,353.0313,2.1392,2.2354,922.91,1922.91,-68.96,11216.5,3164.52,550.02,4489.43,102.8,118.26,123.65,44.72,2192.9,25.2,29.5,31.4,7.7,-3.1,4,4
9/26/2023,318.7387,329.8014,387.9182,403.9233,335.7917,350.9559,2.1342,2.2266,113.74,1914.13,-69.9,11248.16,3165.96,943,4503.52,99.85,113.62,119.51,45.41,2094,24.9,30,29.5,9.7,-3.1,4,4
9/27/2023,318.2642,328.9001,385.4166,401.2007,334.5254,349.5066,2.1285,2.2204,171.06,1901,103.99,11335.61,3197.72,1394.03,4537.14,99.85,113.62,119.51,43.86,2024.2,25.7,28.2,29.5,10.5,-3.1,1.3,1.3
10/2/2023,318.2787,329.0139,387.3246,402.9878,334.9209,349.949,2.118,2.2108,127.42,1843.04,-114.34,11163.76,3150.71,686.73,4484.87,96,118.81,124.84,41.58,2017.3,28.8,14.6,39.5,10.9,-3.1,1.3,1.3
10/3/2023,318.3187,329.0008,383.8462,399.4243,331.8928,346.79,2.1188,2.2094,250.86,1817,16.98,11034.87,3111.98,854.52,4433.89,94.1,115.37,119.75,42.44,2012.6,28.5,15.4,39.7,10.3,-3.1,1.3,1.3
10/4/2023,318.1004,328.9126,383.0175,398.6902,331.3217,346.2563,2.1252,2.2159,129.22,1821.7,-86.98,11080.79,3121.29,874.3,4450.83,94,111.74,116.57,43.08,2069.4,28.5,15.1,40,9.9,-3.1,1.3,1.3
10/5/2023,318.2266,328.9081,386.0487,401.7335,333.3591,348.3054,2.1374,2.2287,826.31,1826.31,-107.96,11042.95,3112.82,672.13,4453.63,88.9,105.2,110.86,43.11,2077.9,28.2,15.4,40.6,9.4,-3.1,1.3,1.3
10/6/2023,318.2819,328.9108,386.9086,402.617,334.0291,348.9973,2.1341,2.2269,823.53,1823.53,124.4,10987.12,3100.8,611.25,4434.37,88.25,101.52,107.5,43.68,2022.7,28.1,15.3,42.2,8.2,-3.1,1.3,1.3
10/9/2023,318.305,328.935,387.8322,403.462,334.6182,349.4789,2.1262,2.2188,146.07,1852.41,-73.04,10824.24,3047.7,1098.69,4372.26,91,106.56,111.66,43.32,2073.2,29.3,15.1,46,3,-3.1,1.3,1.3
10/10/2023,317.9102,328.7491,388.3004,403.9345,334.4937,349.333,2.1345,2.2244,864.35,1864.35,-24.69,10817.53,3041.32,673.66,4372.15,91.7,105.52,111.3,44.16,2120.5,29.2,16.5,45.5,2.5,-3.1,1.3,1.3
10/11/2023,318.0267,328.7869,390.2107,406.0001,335.8812,350.8476,2.1309,2.2237,123.95,1860.64,-61.29,10675.3,2997.85,1264.24,4316.38,91.75,105.52,111.3,43.77,2022.9,28.4,14.6,44.9,5.9,-3.1,1.3,1.3
10/12/2023,318.0688,328.8289,391.0078,406.8217,336.5029,351.5075,2.1247,2.2172,875.95,1875.95,-110.61,10818.41,3040.57,999.35,4359.31,91.8,107,112.97,42.91,2050.5,27.8,10.8,49.9,5.1,-3.1,1.3,1.3
10/13/2023,318.0872,328.8218,387.2069,403.0924,333.8155,348.8747,2.1188,2.2075,102.08,1873.15,86.78,10813.03,3042.1,823.44,4362.28,91.9,109.62,115.37,42.74,2097.2,29.1,6.7,55.9,2.1,-3.1,1.3,1.3
10/16/2023,318.1713,328.8534,385.3433,401.8348,333.0466,348.4784,2.1211,2.2131,691.36,1921.21,-88.5,10721.84,2999.9,1151.78,4336.13,93.98,112.43,117.98,41.97,2129.1,28,3.2,59.4,2.5,-3.1,1.3,1.3
10/17/2023,318.279,329.4189,387.2843,403.2882,334.398,349.322,2.1218,2.213,339.29,1912.7,-106.62,10647.33,2973.12,994.19,4315.89,93.68,110.11,116.21,43.18,2073.1,28.5,4.4,60,0.7,-3.1,1.3,1.3
10/18/2023,318.9233,329.543,386.8943,402.9917,335.5314,350.6119,2.1229,2.214,942.04,1942.04,-90.53,10557.16,2941.08,822.64,4283.16,93.73,110.93,116.89,42.76,2005.2,27.7,4.6,61.1,0.4,-3.1,1.3,1.3
10/19/2023,319.2969,329.8115,386.0301,401.8195,334.7521,349.5133,2.1246,2.2118,110.39,1948.93,-64.02,10590.42,2952.08,1132.87,4279.44,94.54,108.45,113.56,42.02,2062.5,28.4,3.3,61.7,0.3,-3.1,1.3,1.3
10/20/2023,319.6489,330.4162,386.8492,402.8185,336.5467,351.5411,2.1262,2.2168,122.18,1978.59,107.03,10850.53,3050.2,909.95,4360.23,96.4,107.71,112.65,41.47,2014.6,28.2,1.3,62.7,0.9,-3.1,1.3,1.3
10/23/2023,320.3297,331.005,388.0847,404.1356,337.2677,352.2671,2.1286,2.2202,100.21,1971.1,-67.29,10862.11,3055.8,1066.1,4369.08,96.5,110.8,115.78,41.17,2051.6,26.5,1.5,64,1.7,-3.1,1.3,1.3
10/24/2023,320.8134,331.3956,392.2095,408.1602,341.0656,356.0557,2.137,2.2277,160.67,1979.58,-69.9,10731.41,3017.02,1347.47,4324.97,96.75,107.53,112.57,42.54,2056.5,25.8,1.8,64.6,1.2,-3.1,1.3,1.3
10/25/2023,321.7067,332.565,390.5864,406.3063,339.7511,354.449,2.1424,2.2306,194.69,1975.19,-76.03,10614.46,2977.38,920.31,4285.38,94.65,104.32,110,42.74,2080.6,26.2,2.2,64.4,0.4,-3.1,1.3,1.3
10/26/2023,321.3904,331.9361,387.1428,402.7622,337.4121,352.1192,2.1286,2.2185,186.23,1985.34,-68.63,10536.33,2952.22,891.35,4252.01,95.5,106.12,112.03,42.82,2095.2,27.1,1.9,63.5,0.7,-3.1,1.3,1.3
10/27/2023,321.5495,332.0178,388.6868,404.5148,337.889,352.682,2.1318,2.222,142,1987.84,166.38,10689.5,3015.37,659.64,4305.43,95.6,107.08,112.98,42.68,2060,26,1.4,64.9,0.7,-3.1,1.3,1.3
10/30/2023,321.706,332.4987,388.8779,404.1768,338.4374,352.9368,2.143,2.2322,4.15,2004.15,-7.63,10687.99,3015.44,396.91,4302.23,95,104.08,110.02,40.82,1930.3,27.8,2.3,62.1,0.8,-3.1,1.3,1.3
10/31/2023,322.1725,332.5096,390.0806,405.666,339.945,354.569,2.1463,2.2363,301.42,1995.75,10.57,10647.33,2994.35,739.57,4296.24,94,103.64,109.59,41.68,1953.8,25.8,0.5,64.6,2.1,-3.1,1.5,1.5
11/1/2023,322.3488,332.6334,390.2161,405.6788,339.2346,353.7796,2.1262,2.2138,130.07,1978.68,24.92,10770.54,3034.45,788.77,4330.99,91.5,103.61,109.89,41.41,1995.2,25.5,0.8,66.9,0.7,-3.1,1.5,1.5
11/2/2023,322.4404,333.4354,392.6132,407.8138,340.6046,355.0497,2.1411,2.2286,180.96,1985.64,-48,10826.6,3052.16,1008.89,4348.79,92.1,104.51,110.74,41.85,2095,25,1.6,67.2,0.4,-3.1,1.5,1.5
11/3/2023,323.6552,334.138,393.6456,409.3585,342.298,357.114,2.1442,2.2345,107.65,1985.94,186.56,10789.87,3031.28,513.48,4337.93,93.5,106.36,112.98,42.15,2005.7,24.3,0.7,68.6,0.7,-3.1,1.5,1.5
11/6/2023,323.9491,334.4083,399.4883,415.4153,346.0475,360.9021,2.157,2.2471,329.34,1990.8,-20.9,10791.99,3046.51,780.32,4343.85,93.6,103.54,110.42,40.09,1962,24,1,68,0.8,-3.1,1.5,1.5
11/7/2023,321.5916,331.9647,395.571,411.3295,342.7388,357.6525,2.1341,2.2241,751.53,1974.44,-20.55,10871.81,3071.02,1933.22,4385.17,92,100.85,109.02,40.8,1931.4,23,0.6,69.3,1,-3.1,1.5,1.5
11/8/2023,322.5072,332.7923,395.0463,410.5829,343.0363,357.8805,2.1338,2.2239,685.88,1969.55,-14.9,10938.05,3105.19,1822.64,4392.77,94,97.49,105.9,41.49,2003.2,22,1.3,70.5,0.4,-3.1,1.5,1.5
11/9/2023,323.1579,333.6374,395.8422,411.3902,344.5081,359.2697,2.1327,2.2222,403.04,1951.65,-13.21,10889.48,3088.93,2385.38,4380.6,93,94.09,102.1,41.61,1980.9,21.7,1.6,70.7,0.4,-3.1,1.5,1.5
11/10/2023,322.4014,332.776,393.019,408.5714,342.3321,357.2417,2.1251,2.212,323,1957.74,176.54,10872.28,3081.71,1024.11,4373.62,93.7,93.09,101.28,40.36,2021.8,21.5,0.9,70.4,0.6,-3.1,1.5,1.5
11/13/2023,322.1205,332.478,392.2651,408.256,342.2119,357.2215,2.114,2.2042,939.95,1939.95,-37.57,10898.9,3087.2,558.68,4376.99,93.7,93.09,101.28,40.78,2057.7,21.5,1,69.1,2.5,-3.1,1.5,1.5
11/14/2023,321.714,332.366,393.4731,409.4155,342.4773,357.4613,2.1132,2.2008,118.63,1945.28,-29.16,10775.43,3040.56,891.51,4335.36,95,97.64,105.33,42.7,2132.1,20.5,0.4,67.8,5.5,-3.1,1.5,1.5
11/15/2023,322.583,332.9839,401.6305,417.5422,349.1896,364.1841,2.1334,2.2229,963.62,1963.62,-46.84,10723.65,3026.72,787.18,4314.4,94.95,99.48,105.4,42.85,2177.4,20.1,1.6,69.5,3.1,-3.1,1.5,1.5
11/16/2023,323.3533,333.6636,399.4607,415.1573,348.7568,363.5643,2.1309,2.2179,182.88,1961.74,25.49,10662.08,3007.36,1060.73,4291.85,90.25,100.17,106.29,43.22,2194.7,21.8,2.4,68.9,1.3,-3.1,1.5,1.5
11/17/2023,322.8376,333.2524,399.3224,415.4271,348.7569,363.8806,2.1359,2.2261,105.81,1984.49,108.3,10613.11,2996.86,873.83,4280.2,86.89,95.49,101.57,43.33,2132.6,28.7,0.9,63.5,1.1,-3.1,1.5,1.5
11/20/2023,322.7982,333.2023,401.4655,417.4985,350.8308,365.8129,2.155,2.2453,586.82,1982.95,-84.5,10546.37,2977.9,1102.13,4255.85,90,98.48,104.55,40.4,2156.2,13.9,4.4,73.8,1.6,-3.1,1.5,1.5
11/21/2023,323.0561,333.1445,403.3254,419.3016,352.3727,366.9245,2.1783,2.267,990.25,1990.25,-78.99,10507.85,2972.37,912.52,4237.39,90.6,99.91,104.73,42.71,2167,14.1,5.7,74,0.3,-3.1,1.5,1.5
11/22/2023,323.4758,333.6609,404.1271,420.1204,351.5514,366.1088,2.1755,2.264,248.18,1996.14,-83.77,10547.75,2981.6,2096.75,4257.57,90,102.17,108.32,42.37,1994.1,14,4.5,75.2,0.4,-3.1,1.5,1.5
11/23/2023,323.5119,333.7081,403.022,418.9984,351.1005,365.6865,2.1611,2.2496,410.38,1994,-84.63,10522.52,2979.92,812.34,4243.5,89.2,99.57,106.15,42.19,2214,13.8,3.7,75.7,0.6,-3.1,1.5,1.5
11/24/2023,323.5585,333.7448,403.8799,420.0292,351.0511,365.7237,2.1542,2.245,992.5,1992.5,96.08,10526.93,2981.93,430.3,4241.22,89.45,99.88,106.6,42.28,2178.1,13.8,4,74.8,1.3,-3.1,1.5,1.5
11/27/2023,323.6397,333.7056,406.1948,422.3369,352.4513,367.1659,2.1621,2.2511,9.36,2009.36,-60.57,10480.02,2970.47,579.14,4225.99,88.25,98.15,105.21,42.08,2155.6,13.4,3.2,74.1,3.1,-3.1,1.5,1.5
11/28/2023,324.1133,334.1117,407.9858,424.1202,353.5767,368.0707,2.1787,2.2687,167.23,2016.75,-31.07,10452.22,2970.67,724.54,4219.35,89,98.23,105.74,43.58,2107.1,13.4,5.1,74.1,1.6,-3.1,1.5,1.5
11/29/2023,324.1526,334.2295,410.8186,426.9317,355.1689,369.7727,2.1959,2.2861,46.7,2046.7,-28.84,10513.28,2977.76,735.6,4241.8,90.25,99.54,107.34,42.74,2163.9,13.9,2.7,74.8,2.6,-3.1,1.5,1.5
11/30/2023,323.4672,333.4564,409.1057,425.0356,353.0917,367.6256,2.1899,2.279,720.88,2043.65,7.01,10593.9,3010.03,1909.23,4260.86,92.5,100.56,107.68,42.37,2162.9,13.9,4.1,74.9,1.6,-3.1,1.5,1.5
12/1/2023,322.9017,333.2383,407.0876,423.0006,350.5644,365.154,2.1754,2.2643,42.55,2042.55,140.39,10720.26,3047.12,962.24,4296.81,89.85,96.93,105.35,40.87,2109.6,14,3.9,73.7,2.5,-3.1,3.4,3.4
12/4/2023,322.8933,333.3213,408.1103,423.8298,349.621,364.0347,2.1946,2.2831,85.59,2085.59,-55.62,10743.59,3067.73,708.44,4308.91,86.6,93.85,103.88,40.65,2111.3,13.4,3.1,73.2,4.4,-3.1,3.4,3.4
12/5/2023,323.0041,333.2059,406.8188,422.6168,348.6701,363.1071,2.1862,2.2759,150.45,2034.25,-34.74,10700.09,3054.41,711.16,4278.39,88,94.58,103.68,40.42,2182.8,12.4,3.3,71.8,6.2,-3.1,3.4,3.4
12/6/2023,322.6889,333.0711,405.368,421.2773,346.8106,361.1269,2.1822,2.2719,174.66,2021.21,-37.32,10703.09,3056.33,700.31,4279.59,87,93.52,103.17,41.64,2217.9,13.4,4.4,73,3,-3.1,3.4,3.4
12/7/2023,321.8784,331.7826,402.5587,418.5035,344.8753,359.2923,2.1828,2.2718,29.2,2029.2,-27.42,10713.24,3065.45,430.84,4280.62,84.5,91.53,100.9,41.82,2222.3,13.8,4.9,74.7,0.4,-3.1,3.4,3.4
12/8/2023,321.8364,331.6615,403.6863,419.4329,345.6837,359.8993,2.2324,2.3226,32.21,2032.21,87.31,10793.84,3102.99,1085.81,4306.42,85.5,92.12,99.41,41.8,2066.5,13.9,4.8,74.9,0.4,-3.1,3.4,3.4
12/11/2023,322.185,332.3764,402.7719,417.998,344.9861,359.4057,2.2092,2.2946,113.03,1997.89,-26.26,10850.78,3136.34,776.43,4334.65,85.2,92.18,99.64,40.04,2177.6,7.7,7.1,75.7,3.4,-3.1,3.4,3.4
12/12/2023,322.2493,332.328,403.4296,419.1926,345.2839,359.5863,2.2027,2.292,983.04,1983.04,-41.6,10874.39,3139.82,1026.77,4336.52,85.25,92.54,100.15,41.35,2138.1,14.8,6.5,69.3,3.6,-3.1,3.4,3.4
12/13/2023,321.7707,331.6167,402.7645,418.2558,345.579,359.8175,2.201,2.2919,115.42,1978.44,-38.32,10836.82,3137.3,828.59,4328.03,82,88.39,96.62,40.64,2203.7,15.1,4.9,68.7,5.2,-3.1,3.4,3.4
12/14/2023,322.2364,331.4772,405.7019,421.1833,349.3148,363.4613,2.2607,2.351,32.69,2032.69,-24.93,10783.81,3119.18,674.5,4301.31,85.3,91.98,101.17,41.94,2143.7,13.9,5.9,68.3,6.3,-3.1,3.4,3.4
12/15/2023,321.694,331.5038,409.2505,424.9718,352.289,366.4483,2.2571,2.3468,36.3,2036.3,102.23,10742.08,3102.64,508.86,4280.26,87,93.76,101.56,41.17,2079.6,14.5,6,69.1,4.8,1.6,3.4,3.4
12/18/2023,321.9469,331.6089,407.0002,422.5927,349.4821,363.5874,2.2523,2.3442,20.77,2020.77,-87.61,10672.69,3075.41,445.81,4250.85,87.84,93.44,101.08,40.23,2195.3,14.3,5,70.6,4,1.6,3.4,3.4
12/19/2023,321.9259,331.6405,405.8849,421.5585,349.9744,364.1641,2.2424,2.3303,25.69,2025.69,-81.3,10612.19,3052.6,566.49,4231.72,88.74,94.5,102.46,41.2,2157.4,14,5.6,71.5,3.4,1.6,3.4,3.4
12/20/2023,321.894,331.7038,407.9863,423.6025,351.611,365.7011,2.2293,2.3169,38.49,2038.49,-81.03,10603.56,3045.28,5056.83,4228.31,90.98,96.94,105.35,42.05,2210,12.9,6.9,70.5,3.7,1.6,3.4,3.4
12/21/2023,321.9202,331.4997,405.3053,420.6024,350.6477,364.722,2.2417,2.3284,819.5,2035.23,-84.16,10623.51,3052.68,1237.16,4237.19,88.54,95.35,103.28,41.55,2229.8,13.8,7.7,69.5,2.8,1.6,3.4,3.4
12/22/2023,321.4635,331.3071,406.1878,421.7423,351.7235,366.0291,2.247,2.3347,385.22,2050.06,104.82,10605.6,3040.2,4723.43,4232.95,88.1,95.38,102.98,41.54,2205.9,14.6,7,67.7,4.6,1.6,3.4,3.4
12/27/2023,320.5347,330.3827,406.0764,421.9165,351.9191,366.0778,2.2385,2.3276,65.44,2065.44,-105.53,10605.16,3048.91,1062.28,4234.99,89.6,94.82,101.29,41.06,2173.4,13,5.5,68,7.9,1.6,3.4,3.4
12/28/2023,319.1454,328.8731,407.3696,422.9659,352.9582,367.4052,2.2481,2.3371,86.5,2086.5,-82.37,10626.56,3054.14,471.61,4233.3,88.98,93.98,100.01,43.7,2156.5,13.2,6.9,69.2,5.6,1.6,3.4,3.4
12/29/2023,319.1762,328.7784,405.0083,420.3977,351.4885,365.8211,2.2471,2.3356,69.6,2069.6,87.96,10654.16,3068.36,642.44,4248.93,87.4,91.7,98.14,42.67,2152.3,14.1,7.1,69.1,4.3,1.6,4,4
1/1/2024,319.2318,328.7784,404.7745,420.2768,350.4635,364.7561,2.2537,2.3424,62.75,2062.75,-160.81,10654.16,3068.36,642.44,4248.93,87.4,91.7,98.14,37.47,1786.1,14.2,0.7,74.6,4.2,1.6,4,4
1/2/2024,316.9283,326.8587,401.677,417.0901,346.9295,361.9076,2.231,2.3197,66.28,2066.28,-105.69,10684.28,3084.36,335.56,4251.93,88,93.84,100.7,40.94,2137.8,14.2,3.3,72.9,3.9,1.6,4,4
1/3/2024,316.9955,326.6933,398.8313,414.5895,345.5459,359.7627,2.2216,2.3129,159.58,2063.6,-121.59,10714.92,3093.23,768.91,4262.73,85.45,90.34,97.51,42.76,2230.3,14.4,7.5,69.8,2.7,1.6,4,4
1/4/2024,317.76,327.3976,400.8996,416.6047,345.5618,359.6961,2.2049,2.2973,122.67,2044.25,116.64,10740.03,3086.91,627.28,4270.51,89.25,94.12,100.53,43.9,2254,14.2,8.9,69.5,1.6,1.6,4,4
1/5/2024,317.7632,327.461,401.6088,417.3258,346.1606,360.3632,2.1841,2.2735,124.65,2047.28,126.26,10761.61,3094.65,703.65,4278.4,87.6,93.22,100.16,44.34,2225.2,14.3,6.9,71.3,1.6,1.6,4,4
1/8/2024,317.7764,327.4478,402.3903,418.2037,345.8823,360.1735,2.1893,2.2796,43.11,2043.11,-48.07,10750.36,3082.4,774.56,4284.27,86.8,93.42,100.2,43.88,2172.9,13.4,8.3,71.9,1.1,1.6,4,4
1/9/2024,317.7816,327.4005,403.9428,419.6337,346.7355,360.8138,2.2027,2.2921,35.29,2035.29,-37.72,10719.64,3072.36,517.97,4286.61,85.1,92.35,99.84,44.13,2156.8,13.8,6.3,70.6,3.8,1.6,4,4
1/10/2024,317.8334,327.5427,402.1872,417.963,345.7627,360.0472,2.1841,2.2742,135.05,2031.54,-18.32,10665.84,3051.79,523.02,4269.62,87.4,93.95,101.24,44.24,2108.1,13.7,6.2,69.5,5.1,1.6,4,4
1/11/2024,318.0763,327.6431,404.4262,420.1481,347.5535,361.6593,2.1772,2.2658,31.4,2031.4,-42.66,10619.6,3029.38,668.94,4250.83,87,93.24,100.6,43.24,2186.2,13.9,5,69.9,5.6,1.6,4,4
1/12/2024,317.7976,327.3582,404.3605,420.1879,347.1464,361.4096,2.1807,2.2702,112.61,2034.69,120.16,10610.53,3022.99,567.81,4247.02,90.3,97.75,103.96,42.7,2223.7,14.3,5.2,69.5,4.8,1.6,4,4
1/16/2024,317.3574,327.189,400.885,416.5594,344.8572,358.9896,2.1651,2.2508,860.36,2050.4,-122.81,10545.88,2999.09,1582.49,4231.63,89,94.57,100.83,40.62,2185.6,15,10.8,66.5,1.3,1.6,4,4
1/17/2024,316.7872,326.4384,398.3374,413.9787,342.5972,356.7755,2.1367,2.2285,352.92,2030.11,-67.32,10480.29,2974.03,802.76,4142.33,88.1,94.01,100.61,43.06,2256.5,15.2,14.3,63.3,1.3,1.6,4,4
1/18/2024,316.0759,325.6904,399.265,414.9592,342.5824,356.7391,2.1232,2.2126,9.27,2009.27,-72.92,10460.88,2957.2,494.12,4111.17,90.1,94.95,101.62,44.43,2296.2,14.7,18.1,59.2,2.3,1.6,4,4
1/19/2024,315.9284,326.06,400.1434,415.782,342.4556,356.4514,2.1225,2.2078,114.06,2023.65,93.18,10432.85,2950.32,518.65,4096.89,91.5,96.12,102.24,44.95,2238.7,14.5,27.7,49.2,2.9,1.6,4,4
1/22/2024,315.5076,325.3792,399.7551,415.1281,342.2973,356.3426,2.1257,2.2094,29.89,2029.89,-56.42,10371.69,2926.39,978.97,4078.53,91.85,94.11,100.16,45.14,2334.6,37.9,2.8,50.7,2.4,1.6,4,4
1/23/2024,315.0324,324.8287,399.4883,414.9781,341.6349,355.534,2.1171,2.2018,177.99,2023.05,-79.28,10279.09,2901.3,700.13,4033.84,94.23,96.85,102.5,45.73,2325.3,42.8,7.4,41.6,2.1,1.6,4,4
1/24/2024,314.9824,324.7787,398.37,413.8838,340.5948,354.4106,2.1186,2.2034,126.33,2025.94,103.08,10274.39,2903.39,583.77,4031.22,93.95,96.34,101.34,44.57,2297.9,43.8,9.2,39.5,1.1,1.6,4,4
1/26/2024,313.1731,323.1775,396.5766,412.2931,338.0404,352.0374,2.1128,2.1982,358.37,2023.74,121.35,10335.79,2929,798.18,4048.83,97.4,96.92,101.36,42.79,2287,45.5,8.8,35.7,3.4,1.6,4,4
1/29/2024,312.6759,322.7716,395.7546,411.3332,337.4777,351.5591,2.1028,2.1875,178.96,2023.24,-42.24,10297.35,2913.29,590.58,4036.17,100.3,101.59,104.78,45.13,2294.9,42.6,10.7,35.8,5.4,1.6,4,4
1/30/2024,312.818,322.7398,396.1981,411.7377,337.2285,351.2936,2.1147,2.1986,286.67,2030.77,-37.54,10305.12,2898.64,1069.13,4039.73,98.95,100.73,104.93,45.11,2156.1,42.8,12.2,35.6,3.6,1.6,4,4
1/31/2024,312.0964,321.8542,394.1698,409.7714,336.049,350.0412,2.1048,2.1886,225.28,2033.51,-25.34,10311.15,2896.48,695.78,4045.8,97.48,101.17,105.23,44.82,2145.4,43.2,7.9,41.7,1.6,1.6,6.4,6.4
2/1/2024,310.5415,320.4082,392.5603,408.2116,334.1164,348.2562,2.1077,2.1941,259.9,2046.6,-80.04,10375.72,2933.3,1144.64,4065.06,95,100.83,104.48,44.41,2203.6,43.7,7.9,41.8,1,1.6,6.4,6.4
2/2/2024,307.1762,316.9979,389.5519,405.4632,332.0271,346.2817,2.0862,2.172,166.01,2052.85,127.89,10430.79,2943.03,1392.41,4078.66,93.98,98.23,101.94,44.09,2288.8,43,7,42.3,1.5,1.6,6.4,6.4
2/5/2024,307.7088,317.2528,386.2777,402.3856,330.2393,344.2443,2.0657,2.1519,166.01,2036.24,12.69,10430.79,2943.03,1392.41,4078.66,91.9,96.82,100.51,42.26,2141.3,44.7,12,33.2,4,1.6,6.4,6.4
2/6/2024,307.7464,317.6567,384.8098,400.2615,329.2235,343.1568,2.0646,2.1474,191.55,2025.49,-9.86,10525.39,2992.88,872.29,4101.97,93,99.03,102.35,44.51,2386.4,43.4,12.2,34.6,3.7,1.6,6.4,6.4
2/7/2024,308.5698,318.6869,387.6978,403.2988,330.6979,344.6157,2.0788,2.1635,498.75,2035.35,-12.41,10527.98,2996.92,12199.44,4102.44,93.25,99.8,102.74,45.16,2376.7,43.1,15.9,32.5,2.6,1.6,6.4,6.4
2/8/2024,308.4949,318.5839,388.3961,403.8717,331.1989,345.0007,2.0714,2.1553,217.9,2037.15,75.76,10547.33,3015.16,1110.25,4102.62,95.2,101.03,104.06,44.04,2366.7,44.1,16,31.4,2.4,1.6,6.4,6.4
2/9/2024,308.3194,318.2311,387.8451,403.2565,330.765,344.6668,2.0574,2.1406,154.82,2034.68,125.32,10567.33,3026.77,792.36,4109.98,97.55,102.74,105.78,44.12,2345.7,44.1,16.6,30.4,3.3,1.6,6.4,6.4
2/12/2024,308.199,317.8272,387.9176,403.3124,331.0515,344.941,2.058,2.141,100.29,2022.54,22.27,10584.02,3032.29,572.51,4121.85,97.55,102.74,105.78,44.92,2405,43.2,17.5,28.7,4.6,1.6,6.4,6.4
2/13/2024,308.5844,318.4655,388.1377,403.2748,330.6448,344.3558,2.0584,2.1397,143.7,2019.43,128.03,10557.28,3022.53,711.29,4114.72,97.55,104.62,107.62,46.17,2407.3,42.2,21.9,26,4.4,1.6,6.4,6.4
2/14/2024,308.2669,318.1678,386.8619,402.3383,328.7629,342.4972,2.0404,2.123,104.05,1991.85,50.18,10531.48,3024.26,695.11,4103.14,98.9,103.6,107.06,46.78,2366.8,41.6,21.5,25.7,5.8,1.6,6.4,6.4
2/15/2024,308.2195,318.0679,385.8769,401.3018,329.2132,342.9055,2.0441,2.1265,178.78,1992.85,33.02,10568.46,3035.35,961.47,4113.08,97,100.35,104.3,46.86,2369.6,41.6,22.7,26,4.4,1.6,6.4,6.4
2/16/2024,307.7043,317.762,385.7226,401.5697,329.5695,343.8727,2.041,2.1252,179.01,2005.21,83.8,10586.11,3048.63,1371.05,4126,98.7,99.45,103.69,46.03,2336.8,42.3,21.2,26.5,4.5,1.6,6.4,6.4
2/19/2024,307.4708,317.2903,386.053,401.8794,329.629,343.8122,2.0399,2.1265,142.08,2020.35,-5.18,10643.05,3067.4,719.03,4148.03,99,99.7,103.95,45.66,2483.9,42.6,21,27.7,2.9,1.6,6.4,6.4
2/20/2024,307.3445,317.1692,385.2061,400.7585,329.1693,343.1934,2.0373,2.1199,109.13,2018.22,23.26,10638.06,3068.89,815.62,4147.23,94.35,100.53,104.65,46.86,2439,41.6,23.8,26.5,2.4,1.6,6.4,6.4
2/21/2024,307.1414,316.8174,386.0602,401.8873,330.3238,344.4463,2.0395,2.1235,27.78,2027.78,59.2,10649.3,3070.37,880.93,4150.34,93,98.07,101.56,47.13,2493.2,41.4,21.7,30.7,1.2,1.6,6.4,6.4
2/22/2024,306.5399,316.0679,385.4831,401.2833,329.8568,344.0649,2.0282,2.1124,467.88,2027.05,103.89,10655.35,3064.94,1469.67,4173.97,96.2,98.04,105.26,47.54,2428.4,41.1,23.7,29.2,0.6,1.6,6.4,6.4
2/26/2024,306.0865,315.8517,385.7821,401.4574,329.2361,343.459,2.0248,2.1097,213.94,2031.05,-65.04,10612.17,3057.3,1655.87,4156.76,94.5,97.27,100.96,46.7,2388.7,41.7,22.7,25.4,5,1.6,6.4,6.4
2/27/2024,306.0623,315.7299,386.4969,401.9914,330.3174,344.3762,2.0258,2.1083,367.1,2033.01,-37.34,10623.01,3055.24,2532.46,4156.73,97,99.38,103.33,46.92,2470,41.6,20.8,29.5,3.2,1.6,6.4,6.4
2/28/2024,305.5624,315.2986,385.4883,401.0482,329.2389,343.3195,2.0217,2.1051,167.4,2032.39,-39.98,10678.3,3056.97,1293.62,4173.98,97.25,98.03,102.18,47.65,2483.2,41.1,26.2,23.6,4,1.6,6.4,6.4
2/29/2024,305.1682,314.8771,384.8535,400.4884,328.7998,342.923,2.0277,2.1116,630.83,2036.49,-9.03,10651.77,3037.38,1641.85,4186.09,97.35,96.31,101.05,47.85,2519.5,40.8,26.8,23.6,3.6,1.6,5.9,5.9
3/1/2024,304.7116,314.2362,383.3024,398.6683,327.6677,341.7333,2.0154,2.1003,357.05,2045.14,38.5,10691.24,3039.4,1497.08,4215.62,96.4,97.56,102.14,48.22,2472.9,40.4,25.3,25.5,3.1,1.6,5.9,5.9
3/4/2024,303.8123,313.4131,382.9276,398.2378,327.5391,341.3629,2.0139,2.0955,124.67,2082.39,-71.66,10805.23,3084.79,1714.06,4279.75,98.5,98.47,102.66,46.84,2475.3,41.5,24.2,26.6,1.5,1.6,5.9,5.9
3/5/2024,303.0472,312.6876,383.3419,398.0725,327.2071,341.043,2.0045,2.0879,136.17,2112.61,-9.68,10841.65,3092.25,1496.24,4294.1,97.1,96.26,100.46,47.63,2486.6,40.9,26.8,24.2,1.8,1.6,5.9,5.9
3/6/2024,302.9735,312.6086,383.2832,398.5451,326.9885,340.8921,2.0125,2.0949,109.3,2124.45,55.66,10881.72,3100.3,2293.48,4313.81,93.3,95.72,100.02,48.86,2502.4,39.8,27.4,26.7,0.6,1.6,5.9,5.9
3/7/2024,303.0947,312.4368,384.4764,399.2745,328.7412,342.1725,2.0309,2.1105,138.41,2145.85,56.36,11045.9,3147.45,2637.54,4408.43,94.4,97.1,101.36,50.09,2487.1,38.9,26.2,25.9,0.9,1.6,5.9,5.9
3/11/2024,302.6227,311.9825,387.6804,402.4826,329.7094,342.9476,2.0529,2.1322,178.28,2178.28,-61.03,11125.03,3175.05,1949.24,4444.71,94,96.58,101.04,47.75,2542.9,40.7,22.2,28.3,2.6,1.6,5.9,5.9
3/12/2024,302.0716,311.45,386.0267,400.7559,329.0169,342.1652,2.0445,2.1237,180.66,2180.66,-36.49,11175.4,3181.33,1402.39,4462.44,94.6,97.93,102.68,49.2,2573.2,39.6,26,27,1.4,1.6,5.9,5.9
3/13/2024,301.7622,311.0041,384.712,399.5035,328.355,341.5691,2.0405,2.1201,160.02,2160.02,-13.2,11286.9,3218.08,1973.26,4494.86,94,95.98,101.07,49.69,2572.7,39.3,27.5,26.5,0.7,1.6,5.9,5.9
3/14/2024,301.013,310.6428,383.7347,398.8245,327.8357,341.5038,2.0293,2.1097,174.69,2174.69,-36.08,11317.92,3230.49,1924.72,4496.6,96,98.7,103.58,49.46,2546.4,39.4,28.6,25.6,0.4,1.6,5.9,5.9
3/15/2024,300.6026,310.2053,381.4399,396.5038,325.3106,338.9997,2.0172,2.0987,162.79,2162.79,11.88,11336.71,3245.24,1620.51,4495.37,97,98.65,103.4,49.58,2558.6,39.3,28.4,25.6,0.9,,5.9,5.9
3/18/2024,300.0562,309.6749,380.5038,395.8099,325.0276,338.7375,2.007,2.0855,152.11,2152.11,-77.07,11320.85,3237.12,1320.94,4492.08,99,100.83,105.47,48.95,2571.5,39.9,26.5,25.7,1.9,,5.9,5.9
3/19/2024,299.294,308.9065,379.4117,394.5222,323.8367,337.4651,1.9965,2.0781,962.19,2161.6,-80.2,11276.31,3209.66,4031,4482.98,99.3,101.78,106.12,50.14,2595.5,39,26.5,27.4,1.2,,5.9,5.9
3/20/2024,299.1361,308.7249,379.3378,394.1163,323.5362,337.2115,1.9703,2.0516,158.83,2158.83,-37.3,11240.94,3208.74,910.13,4474.22,99.4,99.77,104.54,50.46,2608.8,38.7,28.3,25.6,1.6,,5.9,5.9
3/21/2024,299.0465,308.8069,381.4096,396.5842,325.51,339.2003,1.9802,2.0613,204.75,2204.75,-5.28,11176.54,3182.49,639.87,4452.26,100.6,98.6,103.81,51.01,2517.7,38.3,27.4,28.2,1.4,,5.9,5.9
3/22/2024,298.9909,308.6902,376.6381,391.7121,322.5601,336.2105,1.9644,2.0457,100.54,2175.72,52.21,11261.42,3226.28,1506.53,4490.17,101,98.17,103.15,48.74,2318.2,40.1,28.7,24.6,1.7,,5.9,5.9
3/25/2024,298.4579,307.9921,374.9851,390.0498,321.2131,334.8584,1.9646,2.0473,243.29,2175.74,-16.77,11234.8,3220.19,1288.45,4473.22,101.3,97.42,102.15,45.77,2520.5,42.7,26,23.3,2.2,,5.9,5.9
3/26/2024,297.6319,307.3326,374.7825,389.845,321.1037,334.6164,1.9581,2.0394,171.47,2171.47,-1.97,11335.53,3262.57,2430.07,4514.13,100.3,97.88,102.53,50,2572,39.5,27.5,25.9,1.7,,5.9,5.9
3/27/2024,296.7631,306.3453,372.7603,387.8913,319.6049,333.1704,1.9472,2.0282,176.97,2176.97,30.6,11434.49,3300.27,1885.31,4536.96,99.7,96.05,100.59,50.17,2504.8,39.3,28.2,26.4,0.8,,5.9,5.9
3/28/2024,295.5429,305.3339,371.8454,387.2371,318.3163,332.1141,1.9451,2.0278,267.11,2195.42,85.83,11444.38,3317.62,2961.55,4534.65,99.8,96.7,101.22,48.05,2404.8,38.8,29.3,24.8,1.4,,0.9,0.9
4/1/2024,295.575,305.1018,371.5652,386.9523,317.1171,330.8712,1.9448,2.0266,616.04,2257.74,58.51,11479,3329.28,4129.21,4543.42,102.3,98.22,102.44,49.22,2402.4,39.6,26.3,26.6,0.7,,0.9,0.9
4/2/2024,295.2015,304.9073,369.0036,383.8836,315.3217,328.7414,1.9381,2.0186,182.37,2248.42,56.6,11547.89,3350.13,2083.86,4553.43,103.5,98.98,103.32,49.16,2542.1,39.6,27.2,25.7,0.8,,0.9,0.9
4/3/2024,295.2486,304.6043,369.628,384.7086,316.4844,329.9406,1.9383,2.0198,213.64,2283.44,98.49,11624.9,3393.28,2123.92,4565.27,102.8,101.51,105.55,50.16,2573.8,38.7,26.5,27.9,0.8,,0.9,0.9
4/4/2024,295.0963,304.5631,371.82,386.8512,318.2104,331.8435,1.9374,2.0176,403.86,2300.75,121.54,11698.49,3437.32,3168.82,4581.4,103,101.64,106.06,50.08,2496,38.9,27.5,26.9,0.5,,0.9,0.9
4/5/2024,294.9271,304.2846,370.862,385.8458,317.598,331.1885,1.9426,2.0227,268.6,2272.7,134.21,11795.47,3481.54,2913.56,4604.28,102.7,103,107.5,50.5,2595.1,38.6,27.1,27.7,0.6,,0.9,0.9
4/8/2024,294.3442,303.8976,370.288,385.5072,317.3628,331.0309,1.9302,2.013,277.93,2327.74,158.6,11920,3543.71,3202.9,4645.35,101.95,102.48,107.23,50.86,2590.9,38.1,25,29.8,0.7,,0.9,0.9
4/9/2024,294.0863,303.4415,370.711,385.6546,317.5971,331.1643,1.9283,2.0083,131.13,2342.35,149.03,11962.49,3546.83,2550.39,4667.14,101.85,102.38,107.15,50.11,2546,38.8,26.3,26.5,1.9,,0.9,0.9
4/10/2024,293.6852,303.3335,370.9028,385.8815,317.3213,330.7221,1.9279,2.0078,350.19,2350.19,164.81,12033.1,3572.68,2964.01,4696.53,104.15,101.4,105.84,46.9,2350.4,41.4,26.6,22.7,2.5,,0.9,0.9
4/15/2024,293.7979,303.2586,364.3719,379.6134,311.1043,324.7733,1.9036,1.9826,370.15,2362.34,74.97,12006.2,3565.17,2564.85,4714.52,103.5,100.06,104.49,34.36,1836.6,30.4,19.3,38.6,2.8,,0.9,0.9
4/16/2024,294.2057,303.5476,363.7962,378.8797,310.5028,323.8933,1.8968,1.9772,381.39,2381.39,138.32,11792.16,3470.25,1482.2,4643.31,103.9,100.12,104.9,37.32,2038.7,36,18.4,35.5,1.1,,0.9,0.9
4/17/2024,295.28,305.1931,365.8882,380.7906,312.5204,325.8345,1.9015,1.9819,184.45,2385.25,103.87,11830.94,3491.32,2011.8,4665.3,104.1,99.55,104.36,41.35,2188,47.1,11.9,31.9,1.1,,0.9,0.9
4/18/2024,296.903,306.4145,368.6996,383.5534,315.334,328.8218,1.9178,1.9977,120.9,2371.03,155.26,11797.84,3475.4,2220.69,4664.06,100.9,95.41,100.43,45.34,2379.8,42.7,16.6,31.7,1.6,,0.9,0.9
4/19/2024,296.8792,306.5961,366.8623,381.7389,313.7489,327.2618,1.9203,1.9989,407.19,2407.19,134.03,11753.04,3449.43,1475.6,4670.69,101,93.01,98.88,47.91,2458.4,40.5,15.8,34.6,2.4,,0.9,0.9
4/22/2024,297.0024,306.4586,366.2541,381.1929,315.2655,328.5977,1.9124,1.9915,375.8,2375.8,116.84,11828.22,3481.89,1304.49,4718.16,100.7,96.33,100.29,48.69,2468.9,26.7,23.9,42.1,0.7,,0.9,0.9
4/24/2024,295.4376,305.393,366.7906,381.5817,314.9544,328.3713,1.9017,1.981,103.42,2319.22,155.38,11905.72,3495.06,2513.01,4764.21,101,95.81,99.85,49.05,2420.6,26.3,28,38.2,0.5,,0.9,0.9
4/25/2024,292.7078,302.5848,363.5638,378.6884,311.9819,325.4759,1.8765,1.9553,298.98,2319.91,145.67,12075.98,3593.83,2913.18,4807.81,100.95,95.71,99.84,50.47,2574.3,25.4,28.5,39.4,0.4,,0.9,0.9
4/26/2024,291.877,301.2928,363.4104,378.1506,311.2527,324.7033,1.8673,1.9455,494.62,2334.52,169.29,12201.01,3634.73,4128.63,4842.86,102,95.34,99.75,51.2,2602.6,25.2,28.3,39.5,0.8,,0.9,0.9
4/29/2024,291.5224,300.9597,363.6967,378.4707,310.9302,324.1815,1.8214,1.8988,408.36,2327.85,130.23,12310.95,3685.77,4139.46,4862.99,101.6,95.08,99.57,49.78,2340.6,29.3,28,36.3,0.3,,0.9,0.9
4/30/2024,293.4489,302.76,366.4119,381.5194,312.4107,325.7999,1.8616,1.9411,518.72,2330.4,173.82,12362.95,3689.97,3836.11,4893.87,101.3,94.75,99.05,48.56,2372.5,40.2,21.9,30.3,1.5,,1.5,1.5
5/2/2024,292.6868,302.3542,365.5548,380.5301,312.1023,325.655,1.8689,1.9477,302.3542,,167.99,,,3078.97,,101.3,94.75,99.05,50.07,2631.1,38.9,22,28.9,4.1,,2.5,2.5
5/3/2024,292.129,301.9031,365.429,380.3502,312.2567,325.5595,1.902,1.9818,301.9031,,160.03,,,2469.18,,101.3,94.75,99.05,51.89,2622.6,37.7,24.3,28.5,3.5,,2.5,2.5
5/6/2024,292.0793,302.304,365.664,380.4884,313.281,326.7181,1.8948,1.9732,302.304,,139.25,,,2134.32,,101.3,94.75,99.05,51.41,2550.6,37.3,24,27.5,4.8,,2.5,2.5
5/7/2024,293.8542,303.0127,367.0346,382.0404,314.6081,327.8162,1.8919,1.9709,303.0127,,168.95,,,2027.4,,101.3,94.75,99.05,51.82,2599.1,37.4,25.7,27,3.5,,2.5,2.5
5/8/2024,294.3822,303.9272,366.2294,380.9044,314.5227,327.9469,1.889,1.9677,303.9272,,173.65,,,2251.34,,101.3,94.75,99.05,51.18,2396,38,26.5,28.6,0.8,,2.5,2.5
5/9/2024,293.8242,303.3789,365.653,380.5507,314.4802,327.6539,1.8809,1.9593,303.3789,,171.05,,,2781.44,,101.3,94.75,99.05,50.82,2527.7,38.4,26.5,28.2,0.5,,2.5,2.5
5/10/2024,293.7297,303.384,366.3175,381.2192,315.1261,328.3523,1.879,1.9577,303.384,,181.9,,,2575.31,,101.3,94.75,99.05,48.54,2193.4,40,27,26.2,0.5,,2.5,2.5
5/13/2024,294.1501,303.7846,366.7479,381.7912,315.0856,328.6393,1.8794,1.9586,303.7846,,165.3,,,1790.52,,101.3,94.75,99.05,46.49,2351.1,41.5,17.2,34.1,0.4,,2.5,2.5
5/14/2024,295.6765,305.2385,369.7597,384.8778,317.2631,330.9077,1.8814,1.961,305.2385,,173.63,,,3330.34,,101.3,94.75,99.05,47.05,2278.5,40.7,18.3,33.4,0.6,,2.5,2.5
5/15/2024,296.7431,306.428,372.6509,387.4365,319.5671,333.3048,1.8886,1.9685,306.428,,159.48,,,3201.64,,101.3,94.75,99.05,47.73,2407.6,40.9,17.7,34.4,0.3,,2.5,2.5
5/16/2024,297.3178,307.0361,376.1389,390.8864,322.2197,335.7786,1.922,2.0009,307.0361,,138.94,,,1437.19,,101.3,94.75,99.05,46.78,2109.4,41.4,19.9,32,0.4,,2.5,2.5
5/17/2024,295.8026,305.1511,373.2165,387.7862,319.4849,333.051,1.8894,1.968,305.1511,,151.61,,,1215.47,,101.3,94.75,99.05,46.48,2323.2,41.9,15.2,36,0.3,,2.5,2.5
5/20/2024,294.9261,304.5972,373.5482,388.2925,319.3947,332.814,1.8852,1.9644,304.5972,,134.53,,,1082.29,,101.3,94.75,99.05,43.43,2012.7,40,12.8,37.6,2.5,,2.5,2.5
5/21/2024,294.7827,304.3151,373.1984,388.1412,318.5517,332.0384,1.8769,1.9556,304.3151,,145.88,,,1303.47,,101.3,94.75,99.05,43.94,2186.4,40.3,11.2,36.7,4.8,,2.7,2.7
5/22/2024,294.8231,304.4801,373.7314,388.521,318.6627,332.1386,1.8797,1.9576,304.4801,,194.38,,,1462.2,,101.3,94.75,99.05,42.29,1944.7,36.8,8.4,36.4,10.9,,2.7,2.7
5/27/2024,295.3789,304.9953,375.0282,390.0025,318.9939,332.4872,1.8761,1.9552,304.9953,,182.38,,,494.35,,101.3,94.75,99.05,44.79,2300.5,27.1,5,50.6,10.6,,2.7,2.7
5/28/2024,295.8074,305.4195,376.82,391.5725,320.2,333.6281,1.8799,1.9582,305.4195,,190.68,,,915.76,,101.3,94.75,99.05,46.19,2343.4,26.1,7.3,51.5,8.4,,2.7,2.7
5/29/2024,296.83,306.4442,377.0941,392.1034,320.2219,333.965,1.8779,1.9574,306.4442,,189.74,,,1049.11,,101.3,94.75,99.05,47.04,2393.1,26.5,7.5,52.7,6.8,,2.7,2.7
5/30/2024,296.8721,306.4863,375.5777,390.4937,319.1283,332.5222,1.8777,1.956,306.4863,,200.7,,,1301.73,,101.3,94.75,99.05,47.86,2410.4,26.2,9.7,51.4,6.3,,2.7,2.7
5/31/2024,296.9774,306.5863,376.4512,391.317,319.7445,333.1566,1.8848,1.9642,306.5863,,170.63,,,1168.8,,101.3,94.75,99.05,48.37,2464.9,26.7,9.9,52.2,4.7,,2.7,2.7
6/3/2024,297.0726,306.67,377.3806,392.3323,320.8505,334.4279,1.8817,1.9607,306.67,,107.28,,,686.68,,101.3,94.75,99.05,43.05,2257.1,28.3,6.7,51.1,6.6,,2.7,2.7
6/4/2024,297.1489,306.8239,379.4112,394.3516,322.6224,336.2221,1.8924,1.9713,306.8239,,161.08,,,899.95,,101.3,94.75,99.05,45.03,2342.7,28.4,7.3,49,8.1,,2.7,2.7
6/5/2024,297.293,306.8807,378.433,393.5529,321.8154,335.5379,1.9042,1.9835,306.8807,,166.97,,,1246.47,,101.3,94.75,99.05,46.26,2350.8,26,7.6,50.5,8.9,,2.7,2.7
6/6/2024,297.5664,307.0499,379.5765,394.5666,322.3884,335.9957,1.9048,1.9829,307.0499,,175.93,,,1563.15,,101.3,94.75,99.05,46.97,2383.2,27.4,8.2,49.6,7.9,,2.7,2.7
6/7/2024,297.8373,307.4417,379.5893,394.6403,322.8396,336.5399,1.9047,1.9828,307.4417,,145.55,,,1274.54,,101.3,94.75,99.05,47.24,2304.3,36.9,2.8,44.9,8.8,,2.7,2.7
6/10/2024,297.9364,307.5273,377.7373,392.6124,319.0837,332.7185,1.8908,1.9664,307.5273,,162.7,,,1688.3,,101.3,94.75,99.05,46.37,2422,34.4,3.8,44.5,9.8,,2.7,2.7
6/11/2024,298.4565,308.0019,378.8077,393.633,319.6631,333.2459,1.8899,1.9682,308.0019,,157.75,,,3739.26,,101.3,94.75,99.05,47.93,2455.9,35.9,4.4,43,9.7,,2.7,2.7
6/12/2024,298.7951,308.2634,379.4497,394.2478,319.3061,332.7184,1.8925,1.9706,308.2634,,154.44,,,1656.94,,101.3,94.75,99.05,48.66,2408.9,37.2,4.8,42,9.5,,2.7,2.7
6/13/2024,299.0081,308.4819,381.0195,395.9066,321.4858,335.001,1.8958,1.9748,308.4819,,144.88,,,1830.6,,101.3,94.75,99.05,48.33,2463,37.6,6.8,40.5,8.6,,2.7,2.7
6/14/2024,299.0423,308.5156,380.2201,395.0646,319.6217,332.9865,1.8924,1.9697,308.5156,,123.93,,,1284.54,,101.3,94.75,99.05,48.2,2451.9,37.9,10.2,36.6,8.4,5.3,2.7,2.7
6/18/2024,299.3132,308.6531,378.5818,393.528,319.2397,332.6657,1.89,1.968,308.6531,,56.73,,,1844.99,,101.3,94.75,99.05,49.12,2435.3,39.2,7.9,37.2,8.9,5.3,2.7,2.7
6/19/2024,300.2063,309.6304,380.3078,395.0618,321.0035,334.2302,1.8947,1.9721,309.6304,,80.75,,,2724.95,,101.3,94.75,99.05,48.39,2409.2,39.9,6.9,37.2,9.6,5.3,2.7,2.7
6/20/2024,300.6388,310.0538,380.8637,395.7548,321.2342,334.8029,1.8913,1.9729,310.0538,,79.05,,,2066.79,,101.3,94.75,99.05,46.88,2303.8,40.1,4.2,39.3,9.5,5.3,2.7,2.7
6/24/2024,300.5658,309.8847,378.7738,393.516,319.6618,333.0642,1.8724,1.9515,309.8847,,84.7,,,1360.01,,101.3,94.75,99.05,46.42,2396.7,33.6,3.9,45.3,9.9,5.3,1.6,1.6
6/25/2024,300.5423,309.8056,380.0783,394.8679,320.9898,334.3594,1.8786,1.9551,309.8056,,67.34,,,3931.02,,101.3,94.75,99.05,46.75,2315,31.3,8.7,43.6,9.6,5.3,1.6,1.6
6/26/2024,300.526,309.7877,379.8983,394.6709,320.1049,333.6987,1.8714,1.9491,309.7877,,115.82,,,1863.21,,101.3,94.75,99.05,45.97,2340.2,33.5,1.5,47.8,10.1,5.3,1.6,1.6
6/27/2024,300.6997,309.8352,378.3153,392.9603,319.7198,332.9585,1.8656,1.9412,309.8352,,110.82,,,1010.09,,101.3,94.75,99.05,46.65,2418.8,32.1,1,49.9,9.9,5.3,1.6,1.6
6/28/2024,301.0183,310.3533,378.8441,393.648,320.1588,333.5366,1.8622,1.9383,310.3533,,120.39,,,2227.41,,101.3,94.75,99.05,46.39,2433.22,33.9,0.6,49,8.9,5.3,1.6,1.6
7/1/2024,301.3772,310.6444,380.1013,394.8963,322.155,335.7676,1.8629,1.9406,310.6444,,90.99,,,686.89,,101.3,94.75,99.05,47.19,2416,35.2,7,42.2,8.5,5.3,1.6,1.6
7/2/2024,300.3979,309.6342,378.1659,392.9951,320.6922,334.1906,1.8504,1.9269,309.6342,,47.12,,,1826.25,,101.3,94.75,99.05,48.12,2507,35.9,10.2,40.2,6.5,5.3,1.6,1.6
7/3/2024,298.7262,308.1754,377.6231,392.3789,319.255,332.7333,1.8395,1.9169,308.1754,,95.41,,,1550.19,,101.3,94.75,99.05,49.02,2473.4,36.6,10.1,38.2,8.2,5.3,1.6,1.6
7/4/2024,299.6873,308.9221,380.4835,395.4495,321.6179,334.968,1.8479,1.9239,308.9221,,120.76,,,1960.07,,101.3,94.75,99.05,48.44,2382.2,26.3,16.7,44.1,6.1,5.3,1.6,1.6
7/5/2024,300.0612,309.3025,382.1739,395.9114,322.861,336.3874,1.8561,1.9337,309.3025,,114.98,,,472.5,,101.3,94.75,99.05,47.19,2331.3,27.1,13.5,43.8,8.8,5.3,1.6,1.6
7/8/2024,300.0255,309.2202,382.939,397.7102,323.1201,336.6431,1.8604,1.938,309.2202,,125.39,,,657.03,,101.3,94.75,99.05,45,2391.4,27.9,14.2,43.5,7.1,5.3,1.6,1.6
7/9/2024,299.791,309.1277,382.6016,397.2725,322.8014,336.2069,1.8512,1.9311,309.1277,,58.59,,,483.26,,101.3,94.75,99.05,46.83,2457.3,27.2,16.9,42.1,6.9,5.3,1.6,1.6
7/10/2024,299.2616,308.5052,381.1776,396.1717,321.7831,335.4735,1.8428,1.9207,308.5052,,110.55,,,801.19,,101.3,94.75,99.05,47.4,2458.4,27.1,16.8,40.5,8.9,5.3,1.6,1.6
7/11/2024,299.0467,308.3411,383.0429,398.1244,322.3798,335.9088,1.8421,1.9178,308.3411,,122.26,,,541.22,,101.3,94.75,99.05,48.19,2493.6,26.3,19.8,40.2,6.9,5.3,1.6,1.6
7/12/2024,298.2749,307.4603,383.4749,398.3828,322.3242,335.901,1.863,1.9407,307.4603,,130.4,,,653.44,,101.3,94.75,99.05,48.96,2490.5,28.7,17.1,38.7,8.8,5.3,1.6,1.6
7/15/2024,297.1963,306.4074,384.0024,398.9462,321.7422,335.4522,1.8711,1.9495,306.4074,,122.38,,,1560.56,,101.3,94.75,99.05,46.5,2327.7,38.2,3.9,41.8,9.8,5.3,1.6,1.6
7/16/2024,297.7381,307.0529,384.5748,399.7048,322.5521,336.1785,1.8681,1.9465,307.0529,,42.69,,,1078.81,,101.3,94.75,99.05,46.85,2399,36.5,1.7,46.1,9.4,5.3,1.6,1.6
7/17/2024,299.1543,308.463,386.5836,401.7574,324.3029,338.0322,1.8803,1.9561,308.463,,117.2,,,1238.93,,101.3,94.75,99.05,47.15,2379.7,33.3,0.5,49.4,10.4,5.3,1.6,1.6
7/18/2024,299.2042,308.5274,387.5077,402.6883,325.3646,339.0362,1.9052,1.9822,308.5274,,94.57,,,1126.14,,101.3,94.75,99.05,47.01,2461.8,31.5,0.4,51.6,10.1,5.3,1.6,1.6
7/19/2024,299.235,308.5317,385.8108,401.0032,324.0715,337.8902,1.8923,1.972,308.5317,,100.08,,,784.36,,101.3,94.75,99.05,46.85,2412.8,32.3,0.9,49.1,10.7,5.3,1.6,1.6
7/22/2024,298.8995,308.1989,384.752,399.8381,323.7881,337.4667,1.887,1.9665,308.1989,,111.43,,,678.53,,101.3,94.75,99.05,47.61,2392.5,27.2,14.4,43.2,8.5,5.3,2.4,2.4
7/23/2024,299.2958,308.5447,385.3606,400.4864,324.0571,337.8258,1.9014,1.9807,308.5447,,52.63,,,540.39,,101.3,94.75,99.05,47.71,2546,27.1,13.9,43.1,9.1,5.3,2.4,2.4
7/24/2024,299.0799,308.3906,383.9367,399.0775,322.5185,336.1132,1.9165,1.9963,308.3906,,87.92,,,591.13,,101.3,94.75,99.05,49.09,2567.9,26.5,17.8,41.1,7.9,5.3,2.4,2.4
7/25/2024,298.9498,308.2486,383.8964,398.963,322.1888,335.9352,1.9495,2.0304,308.2486,,82.56,,,503.2,,101.3,94.75,99.05,49.03,2545.2,26.7,20.3,38.2,8.5,5.3,2.4,2.4
7/26/2024,298.7131,307.9537,382.6456,397.71,322.4882,336.0932,1.933,2.0125,307.9537,,86.96,,,575.49,,101.3,94.75,99.05,49.43,2505.8,26,20.5,38.3,9.2,5.3,2.4,2.4
7/29/2024,298.485,307.7765,383.0505,398.1187,322.4278,336.1884,1.9362,2.0169,307.7765,,107.24,,,376.71,,101.3,94.75,99.05,48.21,2177.4,26.8,16.6,42.3,8.3,5.3,2.4,2.4
7/30/2024,298.0989,307.3942,381.6134,396.6713,320.6294,334.3416,1.9248,2.0057,307.3942,,40.58,,,558.61,,101.3,94.75,99.05,47.53,2251.2,25.2,7.4,54.4,6.7,5.3,2.4,2.4
7/31/2024,297.8582,307.1744,381.1929,396.2421,320.7613,334.2902,1.9419,2.0206,307.1744,,98.73,,,3965.39,,101.3,94.75,99.05,48.72,2335.4,26.2,8.1,52.8,6.6,5.3,2.4,2.4
8/1/2024,297.7928,307.0819,381.3678,396.3442,320.7654,334.2646,1.983,2.0648,307.0819,,72.48,,,756.78,,101.3,94.75,99.05,48.43,2337.7,26.8,13.2,45.6,8.1,5.3,2.4,2.4
8/2/2024,297.643,306.9317,377.0571,392.0091,319.4091,332.971,1.9818,2.0629,306.9317,,97.92,,,776.65,,101.3,94.75,99.05,48.26,2299.7,27.1,13.2,46.7,7.3,5.3,2.4,2.4
8/5/2024,297.339,306.6515,378.9802,393.8448,322.8712,336.5495,2.0404,2.1224,306.6515,,99.47,,,863.87,,101.3,94.75,99.05,47.38,2408.4,27.4,18.1,44.6,3.4,5.3,2.4,2.4
8/6/2024,297.6981,306.9872,379.0705,394.0352,324.3394,337.9728,2.0401,2.1253,306.9872,,34.23,,,582.05,,101.3,94.75,99.05,47.91,2474.9,27.1,18.7,44.4,3.7,5.3,2.4,2.4
8/7/2024,297.5065,306.7677,376.5232,391.3973,322.9382,336.5882,2.0159,2.0996,306.7677,,88.93,,,320.25,,101.3,94.75,99.05,47.19,2468.2,27.7,24.2,40.4,1.6,5.3,2.4,2.4
8/8/2024,297.0104,306.2824,375.4514,390.3233,322.862,336.457,2.0165,2.1002,306.2824,,80.2,,,629.28,,101.3,94.75,99.05,47.87,2468.7,27.1,22.6,41.5,2.9,5.3,2.4,2.4
8/9/2024,296.286,305.4598,376.321,391.1652,321.8946,335.335,2.0024,2.0842,305.4598,,107.39,,,403.36,,101.3,94.75,99.05,47.66,2508.6,27.2,22,40.4,4.3,5.3,2.4,2.4
8/12/2024,295.4154,304.6641,375.5417,390.35,320.9378,334.3325,2.0023,2.0833,304.6641,,118.24,,,337.46,,101.3,94.75,99.05,47.32,2343.9,27.5,25.6,39.8,0.7,5.3,2.4,2.4
8/13/2024,295.0812,304.2751,375.5144,390.2431,321.0132,334.4846,1.9944,2.0754,304.2751,,62.66,,,648.62,,101.3,94.75,99.05,47.2,2460.6,29,27.3,36.5,1.1,5.3,2.4,2.4
8/14/2024,294.5495,303.82,377.3743,392.242,322.183,335.6298,2.0014,2.0833,303.82,,107.13,,,1399.69,,101.3,94.75,99.05,47.4,2475.6,41.4,16.7,31.3,4.8,5.3,2.4,2.4
8/15/2024,294.5113,303.7761,376.4977,391.3523,322.5294,336.1443,1.9888,2.0698,303.7761,,90.46,,,776.06,,101.3,94.75,99.05,47.22,2498.6,41.1,15.2,30.5,7.2,5.3,2.4,2.4
8/16/2024,294.316,303.5267,377.4285,392.2788,321.4225,335.0301,1.9684,2.0503,303.5267,,81.11,,,539.97,,101.3,94.75,99.05,47.55,2362.9,41.2,12.5,35,5.7,5.3,2.4,2.4
8/20/2024,294.3604,303.5775,380.7186,395.6569,324.326,338.0242,1.9954,2.0778,303.5775,,50.15,,,580.54,,101.3,94.75,99.05,44.74,2325.2,40.9,5.4,40.2,7.5,5.3,2.4,2.4
8/21/2024,295.2072,304.4523,383.1576,398.1225,326.533,340.2024,2.0208,2.104,304.4523,,82.18,,,547.25,,101.3,94.75,99.05,45.36,2288.3,41.6,5.4,38.8,8.5,5.3,2.5,2.5
8/22/2024,295.7249,305.0419,385.5402,400.7086,327.8168,341.5718,2.0253,2.1078,305.0419,,86.66,,,797.87,,101.3,94.75,99.05,44.69,2425,40.5,5.6,40.7,7.2,5.3,2.5,2.5
8/23/2024,296.5514,305.8076,387.1439,402.25,328.0644,341.9167,2.026,2.1105,305.8076,,73.98,,,1219.17,,101.3,94.75,99.05,46.36,2425.5,41.9,7,36.6,8.3,5.3,2.5,2.5
8/26/2024,295.3731,304.6485,388.8545,403.9778,328.712,342.578,2.0454,2.1288,304.6485,,98.13,,,554.25,,101.3,94.75,99.05,46.27,2504.7,42.5,7.5,33.5,10.2,5.3,2.5,2.5
8/27/2024,296.368,305.6146,389.535,404.6508,329.2973,342.9621,2.0373,2.1204,305.6146,,46.15,,,513.63,,101.3,94.75,99.05,47.62,2553.4,40.7,11.3,32.3,9.5,5.3,2.5,2.5
8/28/2024,295.8172,305.0549,390.5348,405.6413,328.6486,342.5084,2.0398,2.1239,305.0549,,104.71,,,732.49,,101.3,94.75,99.05,48.88,2535.9,40,14.3,31.8,8.2,5.3,2.5,2.5
8/29/2024,295.9008,305.1266,389.2896,404.4221,327.6753,341.3898,2.0375,2.1215,305.1266,,102.69,,,1037.6,,101.3,94.75,99.05,48.67,2553.3,40.2,16.6,28.1,9.4,5.3,2.5,2.5
8/30/2024,295.3866,304.5824,387.4796,402.5348,325.4653,339.0292,2.0305,2.1144,304.5824,,111.04,,,759.43,,101.3,94.75,99.05,48.52,2393.6,40.3,15.3,28.3,10.4,5.3,2.5,2.5
9/2/2024,294.7836,303.8481,385.4192,400.5582,323.9709,337.5526,2.0105,2.0921,303.8481,,101.54,,,615.75,,101.3,94.75,99.05,47.57,2455,39.7,6.3,39.7,7.5,5.3,2.5,2.5
9/3/2024,294.6561,303.8345,385.5447,400.6871,324.262,337.8741,2.0006,2.0827,303.8345,,56.76,,,1145.76,,101.3,94.75,99.05,48.46,2421.9,39.9,5.7,38.1,9.9,5.3,2.5,2.5
9/4/2024,294.4895,303.7063,384.5,399.6965,323.8793,337.3524,2.0167,2.0991,303.7063,,98.54,,,1463.25,,101.3,94.75,99.05,48.49,2461,40.2,5.1,39.9,8.5,5.3,2.5,2.5
9/5/2024,294.366,303.5903,385.7145,400.7922,324.4265,338.0145,2.0391,2.1217,303.5903,,88.86,,,1494.59,,101.3,94.75,99.05,48.13,2544.1,40.3,6.8,40.1,6.3,5.3,2.5,2.5
9/6/2024,294.1826,303.3974,385.8797,401.6549,325.1748,338.8594,2.0446,2.1292,303.3974,,85.08,,,449.5,,101.3,94.75,99.05,48.92,2502.9,40,7.5,37.3,8.8,5.3,2.5,2.5
9/9/2024,294.5968,303.8148,385.4736,400.5753,324.8027,338.2972,2.0533,2.1377,303.8148,,87.64,,,1237.96,,101.3,94.75,99.05,47.95,2534,40.8,5.1,36.7,10.8,5.3,2.5,2.5
9/10/2024,296.9231,306.3564,386.8186,401.9944,326.0106,339.8867,2.0634,2.1488,306.3564,,41.98,,,1206.96,,101.3,94.75,99.05,48.09,2504.4,38.6,3.4,40.5,10.9,5.3,2.5,0.5
9/11/2024,296.0824,305.3639,386.2332,401.3732,325.1276,338.7564,2.0802,2.1659,305.3639,,94.66,,,1036.48,,101.3,94.75,99.05,47.68,2489.9,37.8,2.6,42.8,10.2,5.3,2.5,0.5
9/12/2024,296.4174,305.6915,385.1573,400.168,324.6701,338.2976,2.0706,2.1558,305.6915,,85.51,,,1147.52,,101.3,94.75,99.05,47.02,2563.4,38.5,3.7,41.9,9,5.3,2.5,0.5
9/13/2024,296.4599,305.778,388.2471,403.4738,326.8784,340.6888,2.0937,2.1797,305.778,,38.58,,,1220.49,,101.3,94.75,99.05,48.38,2572.4,37.5,7.7,38.8,9.2,4.7,2.5,0.5
9/18/2024,297.7271,307.0166,390.5542,405.7393,329.5167,343.1998,2.0956,2.181,307.0166,,-31.81,,,931.5,,101.3,94.75,99.05,47.01,2578.7,40.7,9,35.5,8,4.7,2.5,0.5
9/19/2024,299.2026,308.5712,393.1577,408.592,330.5337,344.1145,2.0799,2.1633,308.5712,,34.66,,,1228.73,,101.3,94.75,99.05,48.92,2555.4,39.7,9.7,34.6,9.6,4.7,2.5,0.5
9/20/2024,299.9417,309.2309,397.2344,412.4801,333.2533,346.8306,2.0975,2.1825,309.2309,,38.97,,,1397.02,,101.3,94.75,99.05,46.52,2440.3,42,5.1,36.6,9.9,4.7,2.5,0.5
9/23/2024,300.18,309.2836,398.195,413.2778,333.5341,346.8839,2.0713,2.1525,309.2836,,37.69,,,994.29,,101.3,94.75,99.05,43.61,2434.5,37.5,11.7,32.5,11.4,4.7,2.5,0.5
9/24/2024,299.7192,309.085,398.6303,414.0863,331.3373,345.0301,2.0764,2.1624,309.085,,45.73,,,2011.99,,101.3,94.75,99.05,47.91,2564.4,36.7,19.1,27.2,10.5,4.7,2.5,0.5
9/25/2024,297.9555,307.3183,398.6176,413.7823,332.0868,345.5367,2.0697,2.153,307.3183,,-28.45,,,3963.41,,101.3,94.75,99.05,49.37,2618.4,39.5,16.1,28,9.9,4.7,1.1,0.5
9/26/2024,295.8071,304.915,393.0584,408.1292,327.9902,341.4663,2.0325,2.1155,304.915,,82.96,,,4314.71,,101.3,94.75,99.05,49.3,2673,39.7,15.4,31.8,6.6,4.7,1.1,0.5
9/27/2024,295.303,304.3376,394.1348,409.2116,328.2027,341.6487,2.0254,2.1082,304.3376,,102.43,,,2946.25,,101.3,94.75,99.05,49.82,2523.7,39,18.9,34,1.9,4.7,1.1,0.5
9/30/2024,293.5054,302.5647,391.2363,406.2479,325.8904,339.306,2.0502,2.1353,302.5647,,88.65,,,2610.26,,101.3,94.75,99.05,46.23,2452.1,28.1,26.6,37.9,0.8,4.7,1.1,-0.5
10/1/2024,292,301.0564,388.8785,404.37,323.9347,336.7537,2.0157,2.1007,301.0564,,7.57,,,3526.5,,101.3,94.75,99.05,46.36,2522.4,28.2,29.3,33.9,1.1,4.7,1.1,-0.5
10/2/2024,290.3097,299.3572,384.28,399.2265,319.756,333.0031,2.0069,2.0894,299.3572,,90.96,,,2296.05,,101.3,94.75,99.05,47.61,2543.9,27.5,29.4,30.4,5.5,4.7,1.1,-0.5
10/3/2024,291.9436,301.1694,385.6629,400.6155,320.8731,333.91,1.9793,2.0601,301.1694,,134.47,,,1337,,101.3,94.75,99.05,48.31,2582.1,26.9,29.5,28.5,8.1,4.7,1.1,-0.5
10/4/2024,289.4949,298.4983,378.5511,393.4628,317.6784,330.8477,1.9667,2.0479,298.4983,,110.92,,,2831.35,,101.3,94.75,99.05,47.75,2553.7,26.6,29.4,29.1,7.5,4.7,1.1,-0.5
10/7/2024,289.5779,298.687,378.7678,393.5833,316.2927,329.4996,1.9417,2.0218,298.687,,148.81,,,2775.71,,101.3,94.75,99.05,45.47,2416.4,28.7,30.3,30.9,3,4.7,1.1,-0.5
10/8/2024,288.9611,298.0322,376.9699,391.7464,315.818,329.0168,1.9475,2.0273,298.0322,,75.23,,,1394.76,,101.3,94.75,99.05,44.53,2469.8,29.2,26.7,34,2.7,4.7,1.1,-0.5
10/9/2024,288.5806,297.6233,376.443,391.1875,315.0441,328.233,1.939,2.0189,297.6233,,132.21,,,2140.08,,101.3,94.75,99.05,45.75,2528.3,28.4,31.2,31.3,2.2,4.7,1.1,-0.5
10/10/2024,288.6646,297.6682,376.0545,390.758,314.3125,327.4318,1.9265,2.006,297.6682,,151.57,,,1592.83,,101.3,94.75,99.05,46.48,2379.8,28.3,28.3,33.9,2.6,4.7,1.1,-0.5
10/11/2024,288.4602,297.4621,375.2632,389.9534,313.8162,327.0253,1.9305,2.0113,297.4621,,141.83,,,2303.95,,101.3,94.75,99.05,44.05,2240,29.8,19.5,39.2,4.4,4.7,1.1,-0.5
10/14/2024,288.5097,297.4942,375.3193,389.9771,313.4788,326.6996,1.9239,2.0035,297.4942,,165.31,,,1456.95,,101.3,94.75,99.05,42.81,2228.9,30.1,16.8,43.7,2.1,4.7,1.1,-0.5
10/15/2024,289.1796,298.1775,376.3683,391.1447,313.8758,326.7669,1.9252,2.0032,298.1775,,63.77,,,1853.59,,101.3,94.75,99.05,42.64,2357,30.5,17.5,41.5,3,4.7,1.1,-0.5
10/16/2024,288.9191,297.919,376.2661,390.9911,313.1024,326.1357,1.93,2.0072,297.919,,119.88,,,1755.1,,101.3,94.75,99.05,44.46,2473.8,29.5,18.2,40.1,4.8,4.7,1.1,-0.5
10/18/2024,288.5261,297.5357,374.3653,389.0359,311.0578,324.181,1.915,1.9952,297.5357,,139.1,,,1951.33,,101.3,94.75,99.05,45.13,2511.3,28.9,20,38.5,5.4,4.7,1.1,-0.5
10/21/2024,288.6142,297.6054,375.3411,389.9226,312.067,325.0195,1.9263,2.0053,297.6054,,114.5,,,1492.5,,101.3,94.75,99.05,45.96,2444.6,28.3,24.7,39.1,1.2,4.7,-0.2,-0.5
10/22/2024,288.6592,297.6578,373.6856,388.3227,310.7552,323.7688,1.9037,1.9848,297.6578,,78.39,,,1936.63,,101.3,94.75,99.05,47.06,2478,27.7,29.5,35.2,0.7,4.7,-0.2,-0.5
10/23/2024,288.6278,297.6261,373.374,388.0307,310.198,323.1562,1.8932,1.9715,297.6261,,144.13,,,2319.67,,101.3,94.75,99.05,45.96,2428.4,28.1,30.5,33.1,1.2,4.7,-0.2,-0.5
10/24/2024,289.0028,298.1109,372.3643,386.9801,310.1563,323.2757,1.8879,1.9659,298.1109,,153.57,,,4791.99,,101.3,94.75,99.05,44.15,2453,29.6,25.4,32.2,5.5,4.7,-0.2,-0.5
10/25/2024,289.1548,298.2096,373.6223,388.2858,311.4261,324.3958,1.896,1.9743,298.2096,,156.27,,,4752.85,,101.3,94.75,99.05,46.02,2475.1,28.4,27.3,32.2,5.1,4.7,-0.2,-0.5
10/28/2024,289.0657,298.114,373.0322,387.6598,310.3959,323.3231,1.8743,1.9516,298.114,,186.62,,,4420.18,,101.3,94.75,99.05,45.22,2519.5,28.7,22.9,35.4,5.6,4.7,-0.2,-0.5
10/29/2024,289.0815,298.1697,373.6611,388.2569,311.2077,324.0943,1.8815,1.9594,298.1697,,126.85,,,3964.09,,101.3,94.75,99.05,47.34,2572,27.5,26.7,34.6,4.1,4.7,-0.2,-0.5
10/30/2024,289.063,298.1487,374.5178,389.1854,311.2012,324.1502,1.8765,1.9543,298.1487,,179.46,,,7002.17,,101.3,94.75,99.05,46.73,2534.1,27.9,28.8,34.1,2.2,4.7,-0.2,-0.8
11/1/2024,288.5988,297.6445,370.6753,385.2523,312.3265,325.4276,1.8856,1.9644,297.6445,,140.05,,,4923.71,,101.3,94.75,99.05,44.36,2366.1,29.2,26.1,36.1,0.4,4.7,-0.2,-0.8
11/4/2024,288.5542,297.6042,373.2223,388.1057,312.6826,325.9593,1.8925,1.9719,297.6042,,145.96,,,1860.72,,101.3,94.75,99.05,45.08,2340.6,29.1,13.7,48.7,0.3,4.7,-0.2,-0.8
11/5/2024,288.6776,297.7236,372.7052,387.3212,312.4666,325.5224,1.8869,1.9649,297.7236,,98.35,,,2382.29,,101.3,94.75,99.05,46.72,2431.1,28,14.6,48.4,1,4.7,-0.2,-0.8
11/6/2024,288.5439,297.6284,371.4158,386.1116,309.4214,322.5061,1.8662,1.9467,297.6284,,152.57,,,3189.52,,101.3,94.75,99.05,46.89,2569.6,27.7,14.9,47.7,1.2,4.7,-0.2,-0.8
11/7/2024,288.4047,297.4881,370.8472,385.4956,308.0019,320.9493,1.8606,1.9357,297.4881,,169.51,,,2111.46,,101.3,94.75,99.05,47.62,2578.2,27.5,24.3,38.4,1.7,4.7,-0.2,-0.8
11/8/2024,288.132,297.1876,372.2932,386.8515,309.2589,322.0729,1.8759,1.9526,297.1876,,173.37,,,2042.02,,101.3,94.75,99.05,48.26,2369.6,27.1,25.6,37.1,2.3,4.7,-0.2,-0.8
11/11/2024,288.1635,297.1536,370.8566,385.4209,307.384,320.2929,1.8706,1.9482,297.1536,,162.93,,,2427.35,,101.3,94.75,99.05,46.72,2606.9,27.9,18.9,41.6,3,4.7,-0.2,-0.8
11/12/2024,288.1975,297.2248,369.0803,383.5943,305.256,318.1457,1.8662,1.9436,297.2248,,110.49,,,4291.36,,101.3,94.75,99.05,48.59,2562.1,26.8,27.6,36.8,1,4.7,-0.2,-0.8
11/13/2024,287.9534,296.9762,365.7223,380.1641,304.3349,317.193,1.8523,1.9293,296.9762,,169.59,,,6983.18,,101.3,94.75,99.05,46.6,2334.2,28,20,42.9,0.9,4.7,-0.2,-0.8
11/14/2024,287.7253,296.726,363.7439,378.1239,302.1709,314.9497,1.8371,1.9138,296.726,,152.54,,,3792.86,,101.3,94.75,99.05,38.97,2005.7,30.7,4.3,54.8,0.4,4.7,-0.2,-0.8
11/18/2024,287.4951,296.4799,361.8122,376.1585,301.53,314.3002,1.8487,1.9258,296.4799,,102.11,,,5553.68,,101.3,94.75,99.05,46.28,2414.7,28.1,13.6,47.6,2.1,4.7,-0.2,-0.8
11/19/2024,286.7471,295.7679,362.0891,376.4656,302.1951,314.8819,1.8521,1.9284,295.7679,,64.73,,,6010.21,,101.3,94.75,99.05,46.51,2370,28.2,16.1,44.2,3.3,4.7,-0.2,-0.8
11/20/2024,286.5525,295.5988,362.1563,376.6259,302.0364,314.9241,1.8418,1.9188,295.5988,,121.38,,,2727.24,,101.3,94.75,99.05,47.49,2473.5,27.3,14.6,48.4,1.5,4.7,-0.2,-0.8
11/21/2024,286.5445,295.5515,361.3039,375.6582,300.7789,313.5205,1.8404,1.9173,295.5515,,143.37,,,7042.41,,101.3,94.75,99.05,47.47,2426.6,27.5,15.2,47.3,2.2,4.7,-0.7,-0.8
11/25/2024,286.5102,295.5174,359.574,373.9129,298.6713,311.49,1.8546,1.9325,295.5174,,179.92,,,2163.57,,101.3,94.75,99.05,45.21,2303.2,25.1,8.7,53,5.1,4.7,-0.7,-0.8
11/27/2024,286.7016,295.6966,359.0511,373.3608,298.8263,311.6574,1.8705,1.9483,295.6966,,181.71,,,3636.53,,101.3,94.75,99.05,44.31,2288.4,20.1,0.3,62.4,8.7,4.7,-0.7,-0.8
11/28/2024,286.5734,295.5806,361.6103,375.9934,300.7827,313.6529,1.8829,1.9611,295.5806,,169.56,,,5099.03,,101.3,94.75,99.05,43.48,2322.7,19.5,0.5,64.5,6.9,4.7,-0.7,-0.8
11/29/2024,286.3163,295.045,362.3428,376.469,300.7865,313.5487,1.8974,1.9744,295.045,,186.91,,,3720.57,,101.3,94.75,99.05,45.36,2340,19,0.8,69.6,2.4,4.7,-0.7,-2.1
12/2/2024,286.3962,294.973,361.7991,375.9731,299.547,312.312,1.8915,1.9694,294.973,,163.93,,,2319.95,,101.3,94.75,99.05,44.89,2485.3,19.1,1.4,63.4,7.3,4.7,-0.7,-2.1
12/3/2024,286.3884,294.9861,360.478,374.5191,298.4979,311.1374,1.9017,1.9784,294.9861,,127.89,,,3228.81,,101.3,94.75,99.05,46.4,2524.7,18.9,3.6,67.6,1.7,4.7,-0.7,-2.1
12/4/2024,286.192,294.808,360.9144,374.8687,298.6399,311.2806,1.902,1.9794,294.808,,222.08,,,5218.12,,101.3,94.75,99.05,47.42,2568.6,19.1,4.2,68.2,0.4,4.7,-0.7,-2.1
12/5/2024,286.0964,294.6938,361.9287,375.9571,299.1412,311.7496,1.894,1.9712,294.6938,,221.89,,,4461.32,,101.3,94.75,99.05,47.51,2507.6,18.5,3.3,69.1,0.8,4.7,-0.7,-2.1
12/6/2024,286.021,294.618,363.2376,377.0644,300.6442,313.2189,1.8999,1.9761,294.618,,226.87,,,4996.14,,101.3,94.75,99.05,48.2,2559.9,18.5,4.7,66.7,2,4.7,-0.7,-2.1
12/9/2024,286.1018,294.7043,362.9192,376.9306,300.0925,312.6562,1.8996,1.976,294.7043,,220.43,,,4465.33,,101.3,94.75,99.05,46.1,2565.7,21,4.1,65.3,1.5,4.7,-0.7,-2.1
12/10/2024,286.021,294.6338,363.0458,377.0625,300.0871,312.6552,1.8833,1.9593,294.6338,,188.91,,,4308.37,,101.3,94.75,99.05,47.46,2608.7,21.6,4.3,63.4,3,4.7,-0.7,-2.1
12/11/2024,285.9946,294.6048,363.8592,377.9341,299.5175,312.1379,1.8781,1.9549,294.6048,,234.79,,,6009.7,,101.3,94.75,99.05,48.43,2548.2,24.5,3.6,58.6,5.7,4.7,-0.7,-2.1
12/12/2024,285.9466,294.5168,363.5147,377.4906,298.6163,311.168,1.869,1.9451,294.5168,,230.86,,,7355.28,,101.3,94.75,99.05,48.95,2525.5,24.8,6.8,58.8,2.2,4.7,-0.7,-2.1
12/13/2024,285.9209,294.491,360.5678,374.4812,297.4114,309.9249,1.8604,1.9367,294.491,,215.1,,,6149.42,,101.3,94.75,99.05,48.46,2459.7,26,3.4,61.8,1,4.7,-0.7,-2.1
12/16/2024,285.9908,294.561,359.7844,373.6827,298.8615,311.3651,1.85,1.9256,294.561,,202.12,,,8279.22,,101.3,94.75,99.05,47.35,2398.7,20,3.1,63.6,5.9,4.7,-0.7,-2.1
12/17/2024,286.4435,295.0915,361.803,376.0197,299.5315,312.1716,1.8523,1.9275,295.0915,,162.84,,,6350.74,,101.3,94.75,99.05,48.55,2534.4,20,3.9,66,2.7,5.5,-0.7,-2.1
12/18/2024,286.8689,295.5003,362.9276,376.9336,299.3621,312.0177,1.8581,1.9333,295.5003,,187.85,,,6014.29,,101.3,94.75,99.05,47.87,2558.8,21.7,4.1,65.9,0.8,5.5,-0.7,-2.1
12/19/2024,287.4564,296.0725,360.279,374.3168,296.5951,309.2495,1.845,1.9209,296.0725,,186.66,,,5852.32,,101.3,94.75,99.05,48.82,2601.6,24.8,4.7,62.8,0.3,5.5,-0.7,-2.1
12/20/2024,288.5761,297.3339,358.784,372.8626,297.0973,310.0631,1.8275,1.9035,297.3339,,171.15,,,9230.62,,101.3,94.75,99.05,48.17,2590.5,25,4.3,61.5,1.5,5.5,-0.7,-2.1
12/23/2024,289.7312,298.5262,363.1653,377.3275,300.7847,313.385,1.8432,1.9183,298.5262,,197.51,,,8449.03,,101.3,94.75,99.05,45.65,2541.6,28.4,8.7,54.1,0.6,5.5,-1.7,-2.1
12/24/2024,292.2525,300.9844,364.6039,378.8994,302.0383,314.7878,1.8509,1.9269,300.9844,,159.37,,,5478.15,,101.3,94.75,99.05,44.92,2505,29,15,47.5,0.1,5.5,-1.7,-2.1
12/26/2024,290.7182,299.5208,363.0892,377.3203,300.6499,313.3561,1.8385,1.9138,299.5208,,160.3,,,7040.26,,101.3,94.75,99.05,43.08,2453.4,29.7,11.4,49.4,0.7,5.5,-1.7,-2.1
12/27/2024,289.4972,298.295,361.1325,375.0428,299.5694,312.1994,1.8294,1.9026,298.295,,173.27,,,9819.04,,101.3,94.75,99.05,46.41,2475.3,28,15.4,46.5,2,5.5,-1.7,-2.1
12/30/2024,288.3393,297.0686,361.102,375.1097,298.7874,311.3607,1.8201,1.891,297.0686,,158.37,,,10236.7,,101.3,94.75,99.05,47.36,2491.4,27.4,21.8,39.7,3.4,5.5,-1.7,-2.1
12/31/2024,288.3293,297.0162,360.4642,374.438,298.4124,310.9446,1.8363,1.9074,297.0162,,168.11,,,7756.41,,101.3,94.75,99.05,47,2346.5,27.6,21.9,37.6,5.1,5.5,-1.7,-1.7
1/1/2025,289.0808,297.6536,359.9364,374.417,297.53,310.1899,1.8321,1.9039,297.6536,,149.5,,,7756.41,,101.3,94.75,99.05,40.47,2001.3,32,16.6,35.2,7,5.5,-1.7,-1.7
1/2/2025,289.0044,297.5884,360.427,374.3308,297.9636,310.2954,1.8285,1.902,297.5884,,149.36,,,12861.9,,101.3,94.75,99.05,45.13,2377.7,28.5,16.1,42.7,4.5,5.5,-1.7,-1.7
1/3/2025,289.0755,297.641,356.594,370.7858,295.5014,307.7366,1.8288,1.9022,297.641,,160.16,,,11485.2,,101.3,94.75,99.05,44.34,2450,29.3,14.6,42.3,5,5.5,-1.7,-1.7
1/6/2025,289.721,298.4165,358.7852,372.7436,297.1437,309.5595,1.8292,1.9032,298.4165,,162.73,,,8576.8,,101.3,94.75,99.05,44.88,2495.5,29,19.7,41,1.9,5.5,-1.7,-1.7
1/7/2025,291.3228,299.9224,363.1311,377.2124,300.6571,313.2004,1.8317,1.9063,299.9224,,136.22,,,4562.14,,101.3,94.75,99.05,46.45,2536,28.2,21.5,40.2,2,5.5,-1.7,-1.7
1/8/2025,286.4663,300.5203,362.9515,376.9079,300.3396,312.8672,1.8378,1.9117,300.5203,,144.96,,,5233.32,,101.3,94.75,99.05,47.38,2565,27.6,24.9,37,2.7,5.5,-1.7,-1.7
1/9/2025,291.7598,300.3145,359.0172,372.9059,299.2742,311.6353,1.8375,1.9113,300.3145,,142.11,,,4128.94,,101.3,94.75,99.05,48.29,2584.7,26.8,25.1,37.3,3.3,5.5,-1.7,-1.7
1/10/2025,290.6412,299.2063,355.9865,369.7745,297.618,309.9692,1.8282,1.9014,299.2063,,130.26,,,3723.01,,101.3,94.75,99.05,48.5,2533.3,26.9,26.8,34.6,4.2,5.5,-1.7,-1.7
1/15/2025,290.7448,299.2836,352.5491,366.9532,297.7677,310.0646,1.8316,1.906,299.2836,,79.61,,,4443.94,,101.3,94.75,99.05,45.49,2479.4,28.4,11.5,47.5,4.5,5.5,-1.7,-1.7
1/16/2025,291.3844,299.9321,354.5875,368.3718,298.0476,310.3782,1.8611,1.9358,299.9321,,131.47,,,5008.8,,101.3,94.75,99.05,47.72,2497.8,28,12.8,45.9,5.5,5.5,-1.7,-1.7
1/17/2025,292.2195,300.6917,355.8999,369.6179,299.3524,311.6434,1.8723,1.9465,300.6917,,126.3,,,5415.82,,101.3,94.75,99.05,44.95,2513.2,28.1,12,45.1,6.1,5.5,-1.7,-1.7
1/20/2025,292.2957,300.8181,354.7771,368.4841,298.9269,311.3779,1.8652,1.9403,300.8181,,134.69,,,5560.92,,101.3,94.75,99.05,44.7,2504.4,26.7,6.8,54,4.4,5.5,-1.7,-1.7
1/21/2025,292.8301,301.3321,358.4075,372.2241,302.3125,314.8373,1.8793,1.9544,301.3321,,122.45,,,8316.79,,101.3,94.75,99.05,46.55,2518.3,29.8,6.4,52.2,3.7,5.5,-2,-1.7
1/22/2025,293.4537,302.02,360.1813,374.2271,303.6468,316.2241,1.8747,1.9499,302.02,,148.47,,,10663.06,,101.3,94.75,99.05,48.77,2446.8,26.2,10.3,54.5,1.7,5.5,-2,-1.7
1/23/2025,294.4667,303.245,361.0603,374.931,304.7681,317.2322,1.8725,1.9479,303.245,,156.13,,,9783.04,,101.3,94.75,99.05,46.19,2473.3,28,9.1,52.2,3,5.5,-2,-1.7
1/24/2025,294.4174,303.1063,363.1069,376.9988,305.6784,318.1843,1.878,1.953,303.1063,,139.99,,,7444.99,,101.3,94.75,99.05,47.47,2358.8,27.4,9.9,52.6,2.3,5.5,-2,-1.7
1/28/2025,294.1801,302.8942,364.6065,378.5547,305.1557,317.7282,1.8816,1.9569,302.8942,,158.86,,,6351.3,,101.3,94.75,99.05,47.72,2458.9,39.6,3.2,47.6,1.9,5.5,-2,-1.7
1/29/2025,292.9214,301.6055,362.9528,376.8001,303.9024,316.3548,1.8737,1.9489,301.6055,,184.05,,,8408.32,,101.3,94.75,99.05,47.82,2505.2,27.1,13.4,48.3,3.9,5.5,-2,-1.7
1/30/2025,292.4561,301.1598,362.6612,376.5755,303.1498,315.6527,1.8858,1.9606,301.1598,,194.56,,,7366.29,,101.3,94.75,99.05,47.11,2537,27.3,8.8,53,2.9,5.5,-2,-1.7
1/31/2025,293.2328,301.9936,363.2419,376.9782,303.1416,315.5483,1.8945,1.9691,301.9936,,161.96,,,5159.18,,101.3,94.75,99.05,47.01,2526.5,27.7,9.3,53,2.3,5.5,-2,-4
2/3/2025,294.4739,303.1114,359.665,373.4702,299.2434,311.6689,1.8825,1.958,303.1114,,184.95,,,3036.4,,101.3,94.75,99.05,45.03,2539.6,28.7,10.1,50,2.2,5.5,-2,-4
2/5/2025,295.514,304.1372,366.8525,381.0394,304.9827,317.4436,1.9188,1.9939,304.1372,,146.95,,,6351.01,,101.3,94.75,99.05,46.31,2609.9,35,8,46.3,2.4,5.5,-2,-4
2/6/2025,294.5084,303.1764,366.3748,380.3204,304.3251,316.7889,1.9262,2.0021,303.1764,,159.89,,,5180.23,,101.3,94.75,99.05,47.44,2697.2,40,6.3,43,2.6,5.5,-2,-4
2/7/2025,294.2414,302.8981,364.5994,377.9545,304.1295,315.9779,1.9345,2.0067,302.8981,,144.29,,,2061.97,,101.3,94.75,99.05,47.86,2653.9,41.1,7.2,40.1,3,5.5,-2,-4
2/10/2025,293.1833,301.7436,361.6169,375.476,300.3392,312.6705,1.9188,1.9952,301.7436,,153.52,,,2070.87,,101.3,94.75,99.05,44.36,2376.1,0,45.8,42,3,5.5,-2,-4
2/11/2025,292.7919,301.3398,360.2049,373.8344,299.7311,312.0292,1.918,1.9935,301.3398,,163.5,,,2394.05,,101.3,94.75,99.05,47.96,2600.5,0,48.7,41.3,2.2,5.5,-2,-4
2/13/2025,292.6159,301.1953,363.1344,377.0065,302.7372,315.166,1.8863,1.9649,301.1953,,171.55,,,3586.94,,101.3,94.75,99.05,46.31,2553.4,0,48,41.5,1.5,5.5,-2,-4
2/14/2025,291.5757,300.1249,364.799,378.4741,303.0233,315.591,1.8984,1.9742,300.1249,,175.09,,,4894.84,,101.3,94.75,99.05,47.04,2593.7,11.7,40.7,37.2,1.4,5.5,-2,-4
2/17/2025,291.3447,299.9921,365.3845,379.326,304.107,316.6652,1.9124,1.9882,299.9921,,159.72,,,5406.08,,101.3,94.75,99.05,47.6,2715.6,40.9,17.8,30.2,2.3,5.5,-2,-4
2/18/2025,291.2807,299.8141,365.5588,379.511,303.0552,315.5606,1.9082,1.9843,299.8141,,146.71,,,5495.5,,101.3,94.75,99.05,49.3,2723.4,39.8,25.4,24.4,2,5.5,-2,-4
2/19/2025,292.5502,301.1649,367.5195,381.4861,303.8468,316.3835,1.9161,1.9918,301.1649,,164.76,,,3697.33,,101.3,94.75,99.05,49.79,2751.3,39.5,24.7,26,1.4,5.5,-2,-4
2/20/2025,292.729,301.3006,366.9227,380.9155,303.4555,315.9596,1.9342,2.01,301.3006,,153.19,,,2905.29,,101.3,94.75,99.05,48.58,2695,40.3,25.1,24.6,1.5,5.5,-2,-4
2/21/2025,291.7722,300.3068,368.1,381.9541,304.53,316.9805,1.9307,2.0068,300.3068,,150.59,,,3516.77,,101.3,94.75,99.05,48.75,2673.1,40.1,25.3,24.1,1.9,5.5,-4,-4
2/24/2025,291.5126,300.088,368.1766,382.097,304.8635,317.3546,1.9432,2.0185,300.088,,159.65,,,2119.24,,101.3,94.75,99.05,48.53,2775.6,40.1,24.7,23,3.6,5.5,-4,-4
2/25/2025,291.439,300.0011,366.604,380.5244,303.3655,315.8779,1.9347,2.0112,300.0011,,151.07,,,2313.68,,101.3,94.75,99.05,50.57,2676.6,38.6,27.8,22,3.8,5.5,-4,-4
2/27/2025,291.4049,299.98,367.4675,381.3873,303.3487,315.8732,1.9429,2.0197,299.98,,171.62,,,1665.01,,101.3,94.75,99.05,50.6,2631.6,38.6,23.4,26.8,4,5.5,-4,-4
2/28/2025,291.1925,299.7397,364.9673,378.8199,300.5823,313.008,1.9399,2.0156,299.7397,,172.65,,,1721.19,,101.3,94.75,99.05,50.61,2509.7,39,21.8,30.1,2.1,5.5,-4,-4.2
3/3/2025,291.0558,299.616,365.4355,379.2871,301.4238,313.8694,1.9269,2.0033,299.616,,157.03,,,1526.89,,101.3,94.75,99.05,47.38,2595.2,37,18.6,35.8,0.7,5.5,-4,-4.2
3/4/2025,290.9982,299.5914,367.9012,381.7572,303.2615,315.7674,1.9421,2.0184,299.5914,,148.99,,,2399.34,,101.3,94.75,99.05,48.19,2595.4,40.1,20.8,30.2,1.1,5.5,-4,-4.2
3/5/2025,290.9511,299.518,370.162,384.1527,306.7773,319.4218,1.9322,2.0079,299.518,,172.98,,,5179.47,,101.3,94.75,99.05,47.35,2713.1,40.9,23.4,26.2,0.7,5.5,-4,-4.2
3/6/2025,291.3211,299.8506,374.1825,388.1537,312.9454,325.5678,1.9446,2.0209,299.8506,,160.97,,,2364.39,,101.3,94.75,99.05,48.33,2732.7,40.5,24,26.9,0.4,5.5,-4,-4.2
3/7/2025,291.3003,299.8398,373.8733,387.8811,312.7435,325.5953,1.9647,2.0405,299.8398,,166.8,,,2181.43,,101.3,94.75,99.05,48.23,2692.4,40.1,24.3,26.7,0.3,5.5,-4,-4.2
3/10/2025,291.253,299.7924,374.6694,388.756,313.8702,326.682,1.9638,2.0417,299.7924,,190.87,,,824.57,,101.3,94.75,99.05,49.95,2593.1,38.9,24.9,25,4.6,5.5,-4,-4.2
3/11/2025,291.2609,299.8003,373.8694,387.94,314.3085,327.124,1.971,2.049,299.8003,,181.38,,,2497.12,,101.3,94.75,99.05,48.99,2425.3,39.9,23.6,27.5,2.8,5.5,-4,-4.2
3/12/2025,291.2556,299.7977,375.1284,389.2797,315.6044,328.5463,1.9571,2.0342,299.7977,,189.5,,,2423.63,,101.3,94.75,99.05,45.88,2651.2,41.5,17.4,32.3,1,5.5,-4,-4.2
3/14/2025,291.2556,299.7977,375.3622,389.4803,313.8413,326.6541,1.9545,2.0321,299.7977,,188.61,,,1083.23,,101.3,94.75,99.05,47.41,2650.5,41.2,20.3,28.4,0.9,5.5,-4,-4.2
3/17/2025,292.5401,300.9558,376.8468,391.0095,316.5248,329.2966,1.9592,2.0356,300.9558,,181.72,,,1277.28,,101.3,94.75,99.05,48.79,2471.7,40.1,21.5,27.4,0.3,5.5,-4,-4.2
3/18/2025,292.0043,300.6011,377.3053,391.5362,316.7872,329.6884,1.9431,2.0205,300.6011,,194.16,,,1771.82,,101.3,94.75,99.05,50.04,2654.5,39.4,18.3,31.3,0.8,,-4,-4.2
3/19/2025,291.8071,300.3172,377.7683,391.9335,317.4817,330.3817,1.9445,2.0207,300.3172,,172.12,,,1254.49,,101.3,94.75,99.05,51.32,2592.3,38.1,19,34.2,0.7,,-4,-4.2
3/20/2025,292.1879,300.6864,378.57,392.7904,316.9682,329.8592,1.9604,2.0378,300.6864,,178.93,,,3670.64,,101.3,94.75,99.05,49.84,2732.4,38.9,20.3,28.9,1.8,,-4,-4.2
3/21/2025,292.259,300.7575,377.151,391.333,315.0736,327.8859,1.952,2.0281,300.7575,,155.98,,,1662.95,,101.3,94.75,99.05,51.61,2753.9,38.3,22.9,26.9,1.7,,-3.9,-4.2
3/24/2025,292.4009,300.9156,376.4464,390.6405,314.8212,327.5782,1.9423,2.0193,300.9156,,184.06,,,1902.56,,101.3,94.75,99.05,51.24,2766.3,38.3,19.9,29.5,2.2,,-3.9,-4.2
3/25/2025,292.4845,301.0025,376.2307,390.4341,314.1015,326.8439,1.9316,2.0083,301.0025,,169.66,,,2898.21,,101.3,94.75,99.05,51.55,2597.6,37.7,22.8,28,1.3,,-3.9,-4.2
3/27/2025,292.1064,300.6258,375.561,389.6567,312.9246,325.6704,1.9352,2.0122,300.6258,,152.83,,,2140.26,,101.3,94.75,99.05,51.63,2741,36.3,24.1,29.5,0.3,,-3.9,-4.2
3/28/2025,292.0669,300.5806,376.5107,390.7131,313.3986,326.1557,1.9269,2.0037,300.5806,,184.26,,,1656.43,,101.3,94.75,99.05,52.05,2777.4,37.3,24,28.3,0.3,,-3.9,-2.6
4/1/2025,291.9591,300.4758,375.9897,390.101,314.2329,326.9738,1.9395,2.0163,300.4758,,171.89,,,1912.81,,101.3,94.75,99.05,51.78,2678.8,37.5,22.2,29.2,1,,-3.9,-2.6
4/2/2025,291.8882,300.3935,375.6856,389.781,313.3539,326.0714,1.9393,2.016,300.3935,,174.38,,,2297.22,,101.3,94.75,99.05,51.93,2616.2,37.4,19.2,33.2,0.8,,-3.9,-2.6
4/3/2025,292.0185,300.6875,380.1418,394.3011,317.0976,329.8707,1.9704,2.0479,300.6875,,183.68,,,3827.18,,101.3,94.75,99.05,50.75,2515.7,38.7,18.2,32.8,0.6,,-3.9,-2.6
4/4/2025,292.5116,301.1496,381.59,395.8428,322.1622,335.0844,1.9943,2.0728,301.1496,,191.21,,,3170.43,,101.3,94.75,99.05,50.34,2488.2,38.5,14,36.8,0.3,,-3.9,-2.6
4/7/2025,292.4976,301.0425,374.9452,389.0204,318.176,331.0271,1.9875,2.0659,301.0425,,202.83,,,6476.39,,101.3,94.75,99.05,49.2,2628.6,38.1,10.5,40.2,0.4,,-3.9,-2.6
4/8/2025,293.4455,302.1451,373.6895,387.7861,320.2358,333.0218,1.9831,2.0604,302.1451,,190.88,,,2898.85,,101.3,94.75,99.05,50.29,2712.7,37.7,10,41.9,0.3,,-3.9,-2.6
4/9/2025,295.8628,304.4215,377.9485,392.1517,324.3603,337.3449,2.0238,2.1026,304.4215,,177.65,,,3081.62,,101.3,94.75,99.05,51.6,2657.4,37.7,12.9,39.3,0.4,,-3.9,-2.6
4/10/2025,294.1305,303.2612,376.539,391.005,320.7875,334.6344,1.9965,2.0743,303.2612,,135.21,,,6978.08,,101.3,94.75,99.05,51.37,2475.8,36.7,7.1,40,6.2,,-3.9,-2.6
4/11/2025,294.2887,303.1241,381.7218,396.1302,331.7452,344.4009,2.0427,2.1235,303.1241,,61.71,,,1588.52,,101.3,94.75,99.05,46.69,2325.7,25.3,5.6,49.4,8.6,,-3.9,-2.6
4/16/2025,293.9185,302.6158,388.1464,402.6448,331.3321,344.6445,2.051,2.132,302.6158,,56.9,,,792.76,,101.3,94.75,99.05,39.52,2180.8,27.8,2.4,55.7,0.7,,-3.9,-2.6
4/17/2025,294.3851,303.0313,387.7881,402.2418,333.1014,346.3132,2.0558,2.1363,303.0313,,57.33,,,841.23,,101.3,94.75,99.05,42.74,2308.6,28.6,6.6,51.7,1.1,,-3.9,-2.6
4/21/2025,294.6708,303.3271,392.7333,407.0756,337.5663,350.7711,2.0844,2.1653,303.3271,,81.49,,,1168.58,,101.3,94.75,99.05,50.14,2632.4,31.5,10.4,44.9,2.9,,-3.9,-2.6
4/22/2025,295.1061,303.7968,394.0265,408.461,338.5157,351.7076,2.0926,2.1734,303.7968,,83.22,,,991.44,,101.3,94.75,99.05,50.4,2681.3,38.4,10.9,38.4,1.6,,-1.9,-2.6
4/23/2025,295.4634,304.1056,391.6949,405.9564,334.9391,348.3291,2.0711,2.152,304.1056,,94.66,,,1095.37,,101.3,94.75,99.05,50.49,2644.8,37.6,10.5,38.6,3.2,,-1.9,-2.6
4/24/2025,295.508,304.1636,390.9792,405.4189,333.5301,346.9092,2.0607,2.1413,304.1636,,105.88,,,1471.14,,101.3,94.75,99.05,51.65,2694.4,37.6,9,38.5,4.7,,-1.9,-2.6
4/25/2025,295.5682,304.2318,391.6931,406.1501,333.4833,346.8108,2.0573,2.1374,304.2318,,120.76,,,2435.12,,101.3,94.75,99.05,51.62,2651.7,37.8,7.9,40.4,3.4,,-1.9,-2.6
4/28/2025,295.3978,304.0396,391.0312,405.5275,333.4415,346.8239,2.0465,2.1267,304.0396,,144.02,,,2794.32,,101.3,94.75,99.05,49.64,2606.6,38.7,5.5,44.5,0.7,,-1.9,-2.6
4/29/2025,295.3977,303.7976,395.0265,409.3927,334.9193,348.0765,2.0656,2.1445,303.7976,,145.47,,,2069.15,,101.3,94.75,99.05,50.88,2668.9,36.5,6.9,45.2,1.2,,-1.9,-2.6
4/30/2025,295.3908,303.7534,394.0665,408.3857,334.1261,347.1497,2.0644,2.1439,303.7534,,168.88,,,2377.6,,101.3,94.75,99.05,51.5,2581.3,36.7,7.5,41.5,4.2,,-1.9,-2
5/2/2025,295.1794,303.7007,391.2217,405.4653,331.9606,344.9597,2.0194,2.1016,303.7007,,163.28,,,5900.32,,101.3,94.75,99.05,49.53,2575.1,34.4,1.9,49.5,3.7,,-1.9,-2
5/5/2025,295.2043,303.6974,390.8724,405.1289,332.8579,345.9647,2.0385,2.1161,303.6974,,128.52,,,1982.97,,101.3,94.75,99.05,49.78,2670.6,35.8,3.6,48.3,1.7,,-1.9,-2
5/6/2025,295.1849,303.6784,390.7832,404.9929,332.1326,345.109,2.0435,2.1222,303.6784,,157.29,,,1486.46,,101.3,94.75,99.05,44.53,2398,37.2,0.6,47.1,3.2,,-1.9,-2
5/7/2025,295.3067,303.6686,392.6433,406.8897,333.1081,346.1942,2.054,2.1331,303.6686,,163.47,,,3201.55,,101.3,94.75,99.05,51.71,2499.6,34.2,4.9,47.9,2.7,,-1.9,-2
5/8/2025,295.0738,303.564,392.48,406.6966,332.5239,345.6568,2.0457,2.1247,303.564,,163.38,,,1674.39,,101.3,94.75,99.05,52.14,2599.1,33.9,5.4,47.1,3.3,,-1.9,-2
5/9/2025,294.8838,303.2446,388.657,402.7714,329.0717,342.1092,2.0145,2.0922,303.2446,,194.5,,,1545.22,,101.3,94.75,99.05,51.24,2688.2,32.4,11.1,44.5,1.7,,-1.9,-2
5/14/2025,294.6973,303.0575,390.6005,404.744,327.7907,341.1284,1.9949,2.0722,303.0575,,183.15,,,3361.4,,101.3,94.75,99.05,51.05,2717.8,25.5,15.3,44.5,4.3,,-1.9,-2
5/15/2025,294.3475,302.7226,389.489,403.493,327.7653,340.7713,2.005,2.0815,302.7226,,123.84,,,4556.83,,101.3,94.75,99.05,53.01,2700.9,24.5,21.4,41.9,2.8,,-1.9,-2
5/16/2025,294.3034,302.6561,390.3983,404.4048,327.8524,340.932,2.0164,2.0943,302.6561,,157.85,,,3114.18,,101.3,94.75,99.05,53.72,2726.7,24.1,13.3,47,6.1,,-1.9,-2
5/19/2025,294.9858,303.4859,390.9518,405.0552,328.1995,340.9209,2.0219,2.1018,303.4859,,157.91,,,2609.98,,101.3,94.75,99.05,49.89,2616.7,27,9.5,48.5,5.6,,-1.9,-2
5/20/2025,295.8167,304.3295,393.938,408.0837,330.8238,343.6135,2.033,2.1103,304.3295,,174.11,,,1511.54,,101.3,94.75,99.05,50.74,2675.2,33.7,3.5,44.8,7.6,,-1.9,-2
5/21/2025,296.2017,304.6104,396.1999,410.2434,333.7461,346.478,2.048,2.1268,304.6104,,163.15,,,2430.34,,101.3,94.75,99.05,51.71,2728,33.7,4,43.8,8.4,,-0.8,-2
5/22/2025,295.4193,303.7981,395.3056,409.4488,333.1913,346.0193,2.0533,2.1313,303.7981,,173.67,,,4542.75,,101.3,94.75,99.05,53.35,2772.5,31.6,8.3,45.2,4.8,,-0.8,-2
5/23/2025,295.1831,303.5843,395.4006,409.5324,332.3463,345.0478,2.0464,2.1254,303.5843,,157.78,,,3743.42,,101.3,94.75,99.05,52.9,2777.9,31.3,7.8,41.9,8.2,,-0.8,-2
5/26/2025,295.2405,303.7056,399.6438,413.7359,335.1305,347.9646,2.0657,2.1424,303.7056,,192.21,,,3760.45,,101.3,94.75,99.05,49.5,2587,32.8,0.6,48.1,9.4,,-0.8,-2
5/27/2025,295.4449,303.929,399.6499,413.8195,335.0276,347.862,2.067,2.1452,303.929,,203.24,,,18709.41,,101.3,94.75,99.05,50.66,2628,32.8,0.4,48.8,9.4,,-0.8,-2
5/28/2025,295.5596,304.0121,397.2113,411.3515,332.8012,345.4678,2.0357,2.1139,304.0121,,196.06,,,4272.1,,101.3,94.75,99.05,50.82,2631.9,31.1,0.5,48.6,9.9,,-0.8,-2
5/29/2025,295.3093,303.7924,395.4717,409.545,330.4706,343.1932,2.0167,2.0944,303.7924,,207.94,,,6425.34,,101.3,94.75,99.05,50.55,2701.8,31.7,0.5,48.8,9.6,,-0.8,-2
5/30/2025,295.1744,303.6807,396.3863,410.5321,333.4686,346.2199,2.0418,2.1205,303.6807,,203.79,,,5168.87,,101.3,94.75,99.05,46.29,2132.7,28.8,0,51.5,9.9,,-0.8,-0.7
6/2/2025,295.3567,303.7455,396.9029,411.0517,333.9051,346.7542,2.0471,2.1262,303.7455,,149.94,,,5862.02,,101.3,94.75,99.05,50.76,2720.3,28.1,0.8,53.9,4.9,,-0.8,-0.7
6/3/2025,295.3751,303.7113,398.0068,412.0976,335.6878,348.5093,2.0543,2.1325,303.7113,,156.62,,,7372.54,,101.3,94.75,99.05,52,2744,30.8,2.9,49.7,5.5,,-0.8,-0.7
6/4/2025,295.2542,303.6159,397.8722,412.0069,334.1405,346.9541,2.0415,2.1201,303.6159,,163.09,,,7373.63,,101.3,94.75,99.05,52.23,2718,32.1,3.6,45.1,7.9,,-0.8,-0.7
6/5/2025,295.1542,303.4842,398.4852,412.5503,335.2356,348.0453,2.0561,2.1347,303.4842,,197.42,,,5595.4,,101.3,94.75,99.05,52.87,2720.9,33.4,5.5,44.9,5,,-0.8,-0.7
6/6/2025,294.9831,303.4025,398.938,413.0253,335.7228,348.5339,2.0431,2.1199,303.4025,,173.74,,,4220.76,,101.3,94.75,99.05,52.54,2767.8,34.6,5.1,43,6.3,,-0.8,-0.7
6/9/2025,294.9944,303.3183,398.5306,412.5898,335.1224,347.9128,2.0324,2.1102,303.3183,,182.66,,,2851.99,,101.3,94.75,99.05,50.02,2584.5,32.8,2.9,43.9,8.6,,-0.8,-0.7
6/11/2025,294.9734,303.2972,396.1619,410.1648,335.0166,347.7042,2.0259,2.1022,303.2972,,184.77,,,5681.4,,101.3,94.75,99.05,46.42,2468.7,27.1,0,53.6,8.7,,-0.8,-0.7
6/12/2025,294.8708,303.1787,398.9722,413.0808,337.8678,350.6411,2.0381,2.1163,303.1787,,178.56,,,3690.13,,101.3,94.75,99.05,49.19,2623.3,25.9,0.5,53.8,9.2,,-0.8,-0.7
6/13/2025,294.9918,303.2999,398.3928,412.6585,338.8181,351.5772,2.0494,2.1279,303.2999,,187.53,,,3979.49,,101.3,94.75,99.05,48.71,2530.1,26.9,1.4,51.3,10.4,,-0.8,-0.7
6/16/2025,295.7511,304.0563,399.2764,413.3993,339.3972,352.2214,2.0386,2.1168,304.0563,,131.87,,,3149.49,,101.3,94.75,99.05,46.63,2421.3,18.1,3.2,56.9,10.4,4.8,-0.8,-0.7
6/17/2025,296.8621,305.2326,401.4903,415.6903,341.6484,354.3567,2.0413,2.1184,305.2326,,122.38,,,6810.35,,101.3,94.75,99.05,47.12,2518.1,19.1,3.1,57.5,9.8,4.8,-0.8,-0.7
6/18/2025,296.82,305.1979,397.4075,411.4961,339.6308,352.4648,2.0356,2.1137,305.1979,,101.14,,,3899.03,,101.3,94.75,99.05,48.1,2641.1,18.6,3.8,58.8,7.2,4.8,-0.8,-0.7
6/19/2025,296.4263,304.7706,395.5967,409.6585,337.9633,350.6968,2.0334,2.11,304.7706,,115.13,,,3319.08,,101.3,94.75,99.05,49.82,2637.7,18.3,5.2,57.8,8.6,4.8,-0.8,-0.7
6/20/2025,296.5205,304.8843,398.6045,412.6632,339.95,352.7767,2.0316,2.1094,304.8843,,89.15,,,2502.72,,101.3,94.75,99.05,50.48,2599.1,21.5,5.5,53.7,7.9,4.8,-0.8,-0.7
6/23/2025,296.5605,304.9807,396.8316,410.9072,339.3533,352.217,2.014,2.091,304.9807,,102.97,,,2492.69,,101.3,94.75,99.05,50.99,2660,18.6,6,57.1,7.5,4.8,0.6,-0.7
6/24/2025,296.672,305.0691,400.7545,414.9048,342.6053,355.4043,2.0307,2.1075,305.0691,,110.65,,,5209.36,,101.3,94.75,99.05,50.41,2733.9,20.6,6.2,53.4,9.6,4.8,0.6,-0.7
6/25/2025,296.2475,304.6388,402.0469,416.278,342.7154,355.5646,2.0372,2.1144,304.6388,,116.56,,,5895.96,,101.3,94.75,99.05,51.46,2719.3,20.3,5.1,55.7,9,4.8,0.6,-0.7
6/26/2025,295.8582,304.2223,404.0834,418.2586,344.267,357.2942,2.0345,2.1128,304.2223,,123.53,,,6852.98,,101.3,94.75,99.05,50.43,2659.4,20.7,5.7,54.7,8.6,4.8,0.6,-0.7
6/27/2025,295.8606,304.1884,405.2219,419.4692,344.5227,357.4869,2.0399,2.118,304.1884,,128.78,,,5135.97,,101.3,94.75,99.05,50.92,2640.2,19.8,6,54.1,6.3,4.8,0.6,-0.7
6/30/2025,295.8348,304.1589,404.4336,418.6956,345.2878,358.1229,2.0416,2.1198,304.1589,,138.12,,,6381.8,,101.3,94.75,99.05,50,2777.6,24.6,6.5,53.6,5.1,4.8,0.6,-0.6
7/1/2025,295.9104,304.2912,405.1149,419.3708,347.3361,360.2394,2.0507,2.1281,304.2912,,110.76,,,7633.25,,101.3,94.75,99.05,54.05,2696.7,23.6,6.6,49.2,7.4,4.8,0.6,-0.6
7/2/2025,295.8616,304.2846,405.344,419.5996,347.66,360.5191,2.0521,2.1304,304.2846,,99.35,,,7805.98,,101.3,94.75,99.05,52.11,2733.9,23.9,8,49.4,6.8,4.8,0.6,-0.6
7/3/2025,295.8533,304.2734,402.0283,416.2244,347.5332,360.4519,2.0494,2.1277,304.2734,,91.05,,,5651.36,,101.3,94.75,99.05,52.52,2721,24.6,8.6,49.9,5.6,4.8,0.6,-0.6
7/4/2025,296.1321,304.0227,403.0802,416.6418,346.9319,359.5222,2.0395,2.1138,304.0227,,96.53,,,6762.2,,101.3,94.75,99.05,52.11,2742.4,24.2,9.3,48.3,6.3,4.8,0.6,-0.6
7/7/2025,296.2488,303.9728,402.5702,415.8363,347.1653,359.5569,2.0388,2.1116,303.9728,,88.57,,,2419.32,,101.3,94.75,99.05,53.09,2786.6,24.4,10.6,44.5,7.7,4.8,0.6,-0.6
7/8/2025,297.3669,305.0278,403.9717,417.3684,347.8266,359.9835,2.0271,2.0995,305.0278,,104.96,,,8882.29,,101.3,94.75,99.05,55.35,2818.1,22.6,14.4,43.5,5.3,4.8,0.6,-0.6
7/9/2025,297.0614,304.6613,401.7686,414.9613,346.1405,358.3849,2.0112,2.0822,304.6613,,93.94,,,5983.21,,101.3,94.75,99.05,55.55,2783.8,23.3,15.5,43.6,3.5,4.8,0.6,-0.6
7/11/2025,296.8506,304.436,401.0647,414.3064,345.0178,357.1433,2.0113,2.0827,304.436,,109.5,,,10228.86,,101.3,94.75,99.05,53.54,2700.1,23.7,9.1,47.7,4.3,4.8,0.6,-0.6
7/14/2025,297.1393,304.7196,399.0959,412.259,345.441,357.4812,2.0081,2.0803,304.7196,,109.03,,,9496.9,,101.3,94.75,99.05,53.26,2750,24.4,21.4,32.9,6.7,4.8,0.6,-0.6
7/15/2025,297.2345,304.7371,397.7154,410.8616,345.2522,357.3246,2.0038,2.0751,304.7371,,84.26,,,9106.48,,101.3,94.75,99.05,54.45,2732.5,23.9,22.1,35.5,4.5,4.8,0.6,-0.6
7/16/2025,297.305,304.8108,396.5997,409.7149,343.4708,355.5692,1.9877,2.0585,304.8108,,86.5,,,17013.38,,101.3,94.75,99.05,54.07,2690.2,23.9,22.6,36.2,4.9,4.8,0.6,-0.6
7/17/2025,297.6467,305.1196,397.0425,410.1393,344.1361,356.1547,1.9942,2.066,305.1196,,85.91,,,6205.78,,101.3,94.75,99.05,53.24,2731.9,24.4,25.5,35.6,2.8,4.8,0.6,-0.6
7/18/2025,297.6835,305.2223,398.4311,411.5301,344.3733,356.4656,1.9944,2.0659,305.2223,,87.01,,,7601.43,,101.3,94.75,99.05,52.88,2664.3,24.5,23.7,35.9,3.9,4.8,0.6,-0.6
7/21/2025,297.8802,305.4198,398.1249,411.2192,344.5595,356.5625,1.9963,2.068,305.4198,,103.93,,,5390.65,,101.3,94.75,99.05,49.4,2575.8,24,2.9,51.2,8.8,4.8,0.3,-0.6
7/22/2025,297.988,305.5256,400.2501,413.4041,346.7219,358.741,2.0105,2.0826,305.5256,,98.38,,,5920.78,,101.3,94.75,99.05,50.33,2615.7,24.2,2.5,51.7,8.6,4.8,0.3,-0.6
7/23/2025,297.996,305.5172,401.5358,414.6741,348.128,360.186,2.0219,2.0903,305.5172,,93.53,,,6232.5,,101.3,94.75,99.05,50.92,2621.3,23.9,3,53.2,7.7,4.8,0.3,-0.6
7/24/2025,298.0302,305.565,403.322,416.5045,349.5285,361.4404,2.0311,2.1035,305.565,,86.24,,,6217.4,,101.3,94.75,99.05,50.21,2544.7,23.7,2.8,52.3,8.5,4.8,0.3,-0.6
7/25/2025,298.0459,305.5809,400.7128,413.795,348.4223,360.3095,2.0124,2.0843,305.5809,,93.89,,,4220.8,,101.3,94.75,99.05,49.1,2555,23.7,2.3,53.9,9.1,4.8,0.3,-0.6
7/28/2025,298.1274,305.6652,398.5123,411.9117,349.0883,360.5083,2.0069,2.0784,305.6652,,102.87,,,6166.56,,101.3,94.75,99.05,51.58,2722.2,23.8,6.7,50.2,2.5,4.8,0.3,-0.6
7/29/2025,298.1872,305.7939,396.7483,409.7789,343.9976,356.0977,1.9997,2.0716,305.7939,,90.21,,,7595.3,,101.3,94.75,99.05,53.1,2780.1,23.3,10.9,47.3,1.9,4.8,0.3,-0.6
7/30/2025,298.303,305.8575,397.1524,410.1919,343.2595,355.3485,2.0062,2.0782,305.8575,,106.24,,,5288.43,,101.3,94.75,99.05,53.58,2785.5,22.5,13.9,45.4,2.3,4.8,0.3,-0.6
7/31/2025,298.3293,305.8759,393.9688,406.9537,339.0299,351.0104,1.9952,2.0658,305.8759,,114.1,,,5663.19,,101.3,94.75,99.05,53.86,2738.5,24.3,16.6,44.7,3,4.8,0.3,-0.3
8/1/2025,298.1746,305.789,391.934,405.1608,338.5314,350.6967,1.9684,2.0404,305.789,,76.29,,,7366.96,,101.3,94.75,99.05,52.78,2607.4,24.6,15.7,45.5,2.3,4.8,0.3,-0.3
8/4/2025,297.4318,305.0923,393.6442,406.5042,342.6665,354.585,2.0046,2.0756,305.0923,,94.03,,,4536.68,,101.3,94.75,99.05,50.27,2662.3,22.7,4.6,51.9,4.6,4.8,0.3,-0.3
8/5/2025,297.2128,304.7188,393.2982,406.2625,341.7802,353.8128,2.0093,2.0816,304.7188,,93.31,,,3309.86,,101.3,94.75,99.05,51.29,2667.4,23.6,5.5,49.8,5.8,4.8,0.3,-0.3
8/6/2025,297.1004,304.6196,393.7657,406.6284,342.117,354.0164,2.0036,2.0756,304.6196,,92.05,,,4450.82,,101.3,94.75,99.05,52.45,2681.2,24.7,8.5,47.3,3.4,4.8,0.3,-0.3
8/7/2025,297.0504,304.719,395.1481,408.1447,344.7124,356.6562,2.0042,2.0753,304.719,,88.52,,,3263.76,,101.3,94.75,99.05,51.87,2671.3,25.1,9,45.5,6.1,4.8,0.3,-0.3
8/11/2025,296.8184,304.6423,398.1101,411.0711,344.968,356.7332,2.0036,2.0745,304.6423,,110.68,,,3146.53,,101.3,94.75,99.05,50.35,2593.6,25.9,11.4,44.3,6.9,4.8,0.3,-0.3
8/12/2025,297.0754,304.6112,397.6412,410.6992,343.4863,355.5334,1.9938,2.0645,304.6112,,97.89,,,7599.27,,101.3,94.75,99.05,50.61,2620.8,25.6,9.9,43.7,8.1,4.8,0.3,-0.3
8/13/2025,297.2108,304.7082,399.8321,412.9105,345.4062,357.5123,1.9971,2.0691,304.7082,,108.18,,,4469.47,,101.3,94.75,99.05,52.09,2682.1,24.9,12,40.2,7.4,4.8,0.3,-0.3
8/14/2025,297.1871,304.6897,401.9383,415.05,346.0537,358.1781,2.0179,2.0888,304.6897,,118.16,,,7065.91,,101.3,94.75,99.05,52.22,2679.3,24,11.3,41.1,8.2,4.8,0.3,-0.3
8/15/2025,297.3496,304.8688,401.528,414.1778,345.408,356.7873,2.0098,2.0803,304.8688,,88.33,,,9540.01,,101.3,94.75,99.05,52.19,2628.6,24.6,11,41.2,7.5,4.8,0.3,-0.3
8/18/2025,297.258,304.8142,401.704,414.3753,346.5658,358.0221,2.0084,2.0776,304.8142,,135.87,,,7748.42,,101.3,94.75,99.05,52.17,2699.9,23.8,9.1,41.9,8.7,4.8,0.3,-0.3
8/19/2025,297.502,305.0432,400.4605,413.092,345.4256,356.8719,2.0045,2.0748,305.0432,,115.96,,,10849.29,,101.3,94.75,99.05,53.01,2757.8,23.6,12.8,40.1,6.9,4.8,0.3,-0.3
8/20/2025,297.7433,305.2961,399.958,412.6345,345.0919,356.5417,2.0091,2.0794,305.2961,,105.85,,,11141.7,,101.3,94.75,99.05,54.28,2783.8,23.2,16.2,39.7,4,4.8,0.3,-0.3
8/21/2025,297.916,305.5639,399.7273,412.3452,345.67,357.1853,2.0152,2.0816,305.5639,,106.06,,,10527.13,,101.3,94.75,99.05,54.12,2785.8,23.7,17.7,39.9,2.2,4.8,0.7,-0.3
8/22/2025,298.1279,305.6536,398.6573,411.2259,344.607,356.1544,1.9979,2.068,305.6536,,116.4,,,5093.24,,101.3,94.75,99.05,54.88,2772,25.8,16,38.5,4,4.8,0.7,-0.3
8/25/2025,298.2358,305.7616,400.9432,414.1296,347.3081,359.0743,2.0135,2.0839,305.7616,,111.58,,,4406.01,,101.3,94.75,99.05,53.4,2808.1,34.7,7.2,37.3,4,4.8,0.7,-0.3
8/26/2025,298.4738,306.0118,400.8117,413.3115,345.8899,357.4626,2.0149,2.0842,306.0118,,135.7,,,5148.15,,101.3,94.75,99.05,54.98,2817.9,34.1,7.4,34.6,7.9,4.8,0.7,-0.3
8/27/2025,298.4923,306.0307,400.6446,413.2644,345.8086,357.2566,2.0124,2.0817,306.0307,,134.86,,,7385.78,,101.3,94.75,99.05,54.51,2799.4,26.1,15.9,34.5,7.9,4.8,0.7,-0.3
8/28/2025,298.6483,306.1754,402.4554,415.1144,346.6483,358.1592,2.0193,2.0899,306.1754,,143.2,,,7465.41,,101.3,94.75,99.05,52.75,2786,22.9,15.3,36.9,8.5,4.8,0.7,-0.3
8/29/2025,298.6273,306.1596,401.9802,414.6162,346.9201,358.4512,2.0233,2.094,306.1596,,146.54,,,7386.51,,101.3,94.75,99.05,52.88,2766.9,23,16.3,36.5,7.4,4.8,0.7,1.2
9/1/2025,298.3056,305.8196,402.1847,414.8349,347.9174,359.4393,2.0202,2.0908,305.8196,,126.43,,,13209.39,,101.3,94.75,99.05,53.54,2818.8,24.3,22.6,33,4,4.8,0.7,1.2
9/2/2025,298.2426,305.8206,402.2685,414.8958,347.4454,359.0281,2.0111,2.0815,305.8206,,127.35,,,7533.12,,101.3,94.75,99.05,54.18,2830.5,24,22.4,32.9,4.1,4.8,0.7,1.2
9/3/2025,298.4404,305.9669,397.7462,410.3058,345.7018,357.2012,1.9971,2.0659,305.9669,,138.79,,,6473.97,,101.3,94.75,99.05,54.62,2762.9,23.7,21.1,32.6,7,4.8,0.7,1.2
9/4/2025,298.2924,305.8275,399.3956,411.9865,346.2789,357.8022,2.0044,2.0746,305.8275,,144.37,,,5665.38,,101.3,94.75,99.05,53.61,2784.1,24.3,19.4,32.5,7.6,4.8,0.7,1.2
9/8/2025,298.2616,305.7695,401.4823,414.1138,348.0151,359.545,2.0047,2.075,305.7695,,155.89,,,6170.6,,101.3,94.75,99.05,53.21,2753.9,34.1,17,33.3,1,4.8,0.7,1.2
9/9/2025,298.259,305.7668,403.3554,416.0347,349.7004,361.2605,2.0153,2.0858,305.7668,,160.88,,,9049.56,,101.3,94.75,99.05,54.77,2749,34,13.6,35.1,2.8,4.8,0.7,1.2
9/10/2025,298.2463,305.7537,402.3626,415.0279,347.8035,359.3242,2.0151,2.0856,305.7537,,160.6,,,11874.07,,101.3,94.75,99.05,54.47,2778.2,33.9,11.6,33.3,5.9,4.8,0.7,1.2
9/11/2025,298.2674,305.7747,402.2441,414.905,347.5373,359.0607,2.0137,2.0842,305.7747,,169.57,,,6580.03,,101.3,94.75,99.05,55.26,2836.1,33.5,12.6,31.4,6,4.8,0.7,1.2
9/12/2025,298.1194,305.6536,402.9972,415.516,348.167,359.7221,2.0124,2.0828,305.6536,,178.58,,,5847.91,,101.3,94.75,99.05,54.97,2823.1,34.7,13.2,31.9,3.7,4.8,0.7,1.2
9/15/2025,298.2516,305.7773,403.2258,415.887,348.4781,359.981,2.0127,2.0831,305.7773,,147.91,,,4060.89,,101.3,94.75,99.05,54.17,2806.7,35.4,13.5,28.1,7.5,4.9,0.7,1.2
9/16/2025,298.3161,305.8511,404.9003,417.6203,350.0016,361.5435,2.018,2.0885,305.8511,,131.42,,,6216.64,,101.3,94.75,99.05,53.6,2765.3,35.2,18.2,28.1,7,4.9,0.7,1.2
9/17/2025,298.2977,305.8327,405.7326,418.448,352.3107,363.9131,2.0255,2.0969,305.8327,,137.67,,,6611.71,,101.3,94.75,99.05,53.8,2634.4,24,25.1,32.1,5,4.9,0.7,1.2
9/18/2025,298.2306,305.7537,405.2978,417.8382,351.1677,362.8051,2.0216,2.0906,305.7537,,133.5,,,6864.3,,101.3,94.75,99.05,51.85,2654,25.1,23.8,35.1,5.8,4.9,0.7,1.2
9/19/2025,298.2767,305.809,402.8025,415.4562,350.2193,361.6818,2.0078,2.0778,305.809,,126.81,,,6509.69,,101.3,94.75,99.05,50.39,2660.3,25.7,22.3,33.9,6.7,4.9,0.7,1.2
9/22/2025,298.658,306.1729,400.8655,413.5097,349.0615,360.5762,2.0043,2.0744,306.1729,,140.76,,,8076.37,,101.3,94.75,99.05,52.21,2718.6,24.6,16.6,33.6,8.4,4.9,1.5,1.2
9/23/2025,298.722,306.2491,402.564,415.0644,351.1804,362.8711,2.0126,2.0828,306.2491,,135.41,,,6563.64,,101.3,94.75,99.05,53.25,2751,23.9,16.6,34.6,8.3,4.9,1.5,1.2
9/24/2025,,,,,,,,,,,,,,,,101.3,94.75,99.05,,,,,,,,,
9/25/2025,,,,,,,,,,,,,,,,101.3,94.75,99.05,,,,,,,,,
9/26/2025,298.8679,306.1151,397.7871,409.9808,347.5678,358.8197,1.9892,2.0538,306.1151,,150.03,,,6024.33,,101.3,94.75,99.05,49.9,2528.6,25.1,11.8,41.1,9.5,4.9,1.5,1.2
9/29/2025,298.7693,306.2965,400.062,412.6875,348.992,360.5693,1.9968,2.0666,306.2965,,170.9,,,4254.19,,101.3,94.75,99.05,53.4,2785.1,24.5,16.4,34.1,8.1,4.9,1.5,1.2
9/30/2025,298.7784,306.2994,400.0463,412.6471,348.891,360.4419,2.0006,2.0705,306.2994,,198.79,,,6304.28,,101.3,94.75,99.05,54.12,2844.5,23.8,19.9,32.9,6.2,4.9,1.5,1.5
10/1/2025,298.7904,306.2912,400.3327,412.9387,349.3198,360.8631,2.0106,2.0808,306.2912,,169.03,,,6464.75,,101.3,94.75,99.05,55.14,2806.7,23.7,19,32.5,6.7,4.9,1.5,1.5
10/2/2025,298.7798,306.2781,401.5356,414.1786,349.3511,360.895,2.0235,2.0917,306.2781,,172.16,,,6515.8,,101.3,94.75,99.05,54.4,2847.1,23.5,22,30.2,6.9,4.9,1.5,1.5
10/3/2025,298.7693,306.2675,400.2464,412.856,348.9376,360.4209,2.0154,2.0845,306.2675,,172.36,,,9756.7,,101.3,94.75,99.05,53.53,2777.1,24.3,24.1,30,4.6,4.9,1.5,1.5
10/7/2025,298.7404,306.2386,401.3689,414.0025,348.2886,359.7621,1.9766,2.0459,306.2386,,152.22,,,7953.24,,101.3,94.75,99.05,49.42,2758.1,39.2,12.4,34,0.9,4.9,1.5,1.5
10/8/2025,298.7889,306.2968,399.0104,411.5921,345.9376,357.3606,1.95,2.0186,306.2968,,174.31,,,7323.13,,101.3,94.75,99.05,52.12,2771.3,36.8,17,31.9,1.5,4.9,1.5,1.5
10/9/2025,298.9214,306.3939,399.6941,412.2531,346.7156,358.1261,1.9508,2.0193,306.3939,,156.75,,,13302.18,,101.3,94.75,99.05,53.18,2818.6,35,14.2,31.1,2.9,4.9,1.5,1.5
10/10/2025,298.9845,306.4597,396.6517,409.163,344.6218,355.9895,1.9476,2.0149,306.4597,,169.15,,,8458.9,,101.3,94.75,99.05,53.51,2772.6,34,13.7,31.5,4.1,4.9,1.5,1.5
10/13/2025,298.8846,306.3702,397.9546,410.3523,345.9668,357.3754,1.9591,2.0266,306.3702,,167.21,,,5684.01,,101.3,94.75,99.05,52.2,2722.6,35.9,7.9,37.9,0.5,4.9,1.5,1.5
10/14/2025,298.8494,306.331,397.4976,410.0217,344.589,355.9069,1.9523,2.0208,306.331,,171.02,,,5744.77,,101.3,94.75,99.05,53,2786.8,32.5,9.7,40.2,1.2,4.9,1.5,1.5
10/15/2025,299.0754,306.5607,398.1745,410.5159,346.2589,357.6595,1.9705,2.0385,306.5607,,156.38,,,5643.14,,101.3,94.75,99.05,51.44,2675.8,37.9,12.7,36.5,0.7,4.9,1.5,1.5
10/16/2025,299.0754,306.5607,398.1745,410.5159,346.2589,357.6595,1.9705,2.0385,306.5607,,140.38,,,8871.11,,101.3,94.75,99.05,49.02,2716.3,37.6,9.9,39.9,0.4,4.9,1.5,1.5
10/17/2025,299.245,306.7603,401.2142,413.7319,349.0386,360.5249,1.9842,2.0537,306.7603,,133.22,,,11277.74,,101.3,94.75,99.05,51.03,2539.5,36.6,10.7,39.2,0.4,4.9,1.5,1.5
10/21/2025,299.2292,306.7182,399.5663,412.1096,346.9102,358.331,1.973,2.041,306.7182,,120.11,,,7422.61,,101.3,94.75,99.05,45.8,2536.2,26.4,8.7,52.7,2.2,4.9,2.1,1.5
10/22/2025,299.3865,306.8656,399.3197,411.7292,346.189,357.5991,1.9649,2.0337,306.8656,,119.08,,,6616.54,,101.3,94.75,99.05,47.69,2586,25,8.1,48.5,6.4,4.9,2.1,1.5
10/23/2025,299.8008,307.1427,398.4351,410.9708,346.1317,357.5963,1.9579,2.0254,307.1427,,123.31,,,9240.56,,101.3,94.75,99.05,47.22,2506.2,21.8,7.1,52.2,7.4,4.9,2.1,1.5
10/24/2025,299.8138,307.3223,398.1768,410.6794,346.673,358.1462,1.9555,2.0192,307.3223,,129.13,,,6213.35,,101.3,94.75,99.05,47.98,2488.7,23.7,9.7,52.1,5.4,4.9,2.1,1.5
10/27/2025,299.9868,307.5172,398.4201,410.9694,347.5914,359.0503,1.952,2.0205,307.5172,,135.06,,,5765.56,,101.3,94.75,99.05,49.03,2684.6,23.4,11.8,43.1,6.8,4.9,2.1,1.5
10/28/2025,300.4858,308.009,399.9598,412.5374,348.8785,360.4062,1.9633,2.0312,308.009,,144.26,,,6195.14,,101.3,94.75,99.05,52.53,2786.5,23.1,13.3,40.1,6.9,4.9,2.1,1.5
10/29/2025,300.4515,307.9432,397.2266,409.53,348.4635,359.8993,1.9674,2.0361,307.9432,,154.84,,,5384.39,,101.3,94.75,99.05,53.23,2849.2,22.5,15,37.9,6.8,4.9,2.1,1.5
10/30/2025,300.6962,308.2056,395.8095,408.2633,347.8892,359.3795,1.9638,2.0311,308.2056,,154.52,,,7781.53,,101.3,94.75,99.05,53.26,2907.7,23.1,17.6,38.8,2.3,4.9,2.1,1.5
10/31/2025,300.6121,308.1077,394.3132,406.5521,346.5503,357.9403,1.9456,2.0128,308.1077,,155.05,,,5604.78,,101.3,94.75,99.05,52.71,2824.2,23.7,22.7,34.9,0.4,4.9,2.1,1.5
11/3/2025,300.7068,308.1977,393.823,406.23,345.4328,356.7979,1.9428,2.0108,308.1977,,105.18,,,5733.52,,101.3,94.75,99.05,53.74,2851.7,28.7,15.9,33,3.4,4.9,2.1,2.1
11/4/2025,300.7173,308.2082,393.448,405.8348,344.9609,356.1676,1.9413,2.0093,308.2082,,133.17,,,4406.22,,101.3,94.75,99.05,55.63,2872.4,23,20.5,34.2,4,4.9,2.1,2.1
11/6/2025,300.9744,308.5374,391.7987,404.2937,344.8657,356.3863,1.9466,2.0151,308.5374,,125.92,,,6062.9,,101.3,94.75,99.05,52.35,2711.1,24.2,23.7,39.3,1.5,4.9,2.1,2.1
11/7/2025,301.1033,308.6506,393.7443,406.2347,346.0604,357.5253,1.9577,2.0262,308.6506,,118.29,,,6705.67,,101.3,94.75,99.05,52.34,2727.6,25,22.5,38.8,0.3,4.9,2.1,2.1
11/10/2025,301.098,308.5743,394.5528,406.9874,346.5955,357.9836,1.9481,2.0153,308.5743,,142.49,,,7518.2,,101.3,94.75,99.05,51.17,2718.8,25.2,19.2,42.9,0.1,4.9,2.1,2.1
11/11/2025,300.5068,307.9643,394.3034,406.7389,345.7871,357.224,1.938,2.006,307.9643,,145.28,,,8224.15,,101.3,94.75,99.05,53.41,2777.4,24.1,19.1,39.2,0.4,4.9,2.1,2.1
11/12/2025,300.5885,308.0733,393.6726,406.0828,346.6609,358.0717,1.9383,2.0063,308.0733,,146.61,,,7235.02,,101.3,94.75,99.05,53.9,2661.9,24.2,19.4,38.5,1.7,4.9,2.1,2.1
11/13/2025,300.8487,308.3478,393.5196,405.9687,347.2192,358.7165,1.9365,2.0036,308.3478,,162.43,,,6423.36,,101.3,94.75,99.05,53.13,2696.9,24.7,14.7,42.2,1.8,4.9,2.1,2.1
11/14/2025,301.9112,309.6114,395.8212,408.3506,350.0915,361.5942,1.9454,2.0141,309.6114,,136.12,,,5624.46,,101.3,94.75,99.05,52.64,2591.6,23.1,12.9,43.2,3.9,4.9,2.1,2.1
11/17/2025,303.1511,310.858,397.4491,410.084,350.5045,362.069,1.9521,2.0202,310.858,,87.64,,,4457.74,,101.3,94.75,99.05,50.58,2540.6,25.6,11.5,48.9,1.7,4.9,2.1,2.1
11/18/2025,303.3219,311.0029,397.7645,410.3201,350.3875,361.9388,1.9457,2.0154,311.0029,,87.79,,,4438.42,,101.3,94.75,99.05,51.26,2549.3,20.7,9.1,53.4,0.8,4.9,2.1,2.1
11/19/2025,304.3465,311.9177,398.5184,411.0621,351.2128,362.5853,1.9518,2.018,311.9177,,95.62,,,3814.95,,101.3,94.75,99.05,52.71,2712.6,18,8.2,51.7,1.7,4.9,2.1,2.1
11/20/2025,304.4463,312.0048,395.9653,408.3725,349.38,360.8056,1.9269,1.9926,312.0048,,102.6,,,3489.7,,101.3,94.75,99.05,53.43,2661,18.9,9.7,51.6,3.3,4.9,2.1,2.1
11/21/2025,304.2758,311.8332,396.9395,409.2432,349.7826,361.1438,1.9258,1.9919,311.8332,,78.27,,,3815.9,,101.3,94.75,99.05,52.78,2499.6,18.3,8.8,53.1,1.9,4.9,2.7,2.1
11/24/2025,304.1023,311.6461,397.0125,409.52,349.0675,360.3586,1.9341,1.9997,311.6461,,58.5,,,4954.16,,101.3,94.75,99.05,49.19,2506.2,22.7,5.2,54.8,3.3,4.9,2.7,2.1
11/25/2025,304.0655,311.5829,397.4153,409.8323,349.208,360.5583,1.9335,1.9988,311.5829,,79.28,,,4063.08,,101.3,94.75,99.05,49.15,2579.3,22.1,5.1,58.4,4.7,4.9,2.7,2.1
11/26/2025,304.2022,311.7594,399.9587,412.5394,351.1782,362.5703,1.9453,2.011,311.7594,,91.37,,,3441.86,,101.3,94.75,99.05,48.14,2476.9,24.5,6.2,57.2,6.2,4.9,2.7,2.1
11/27/2025,304.2258,311.7832,401.9275,414.5713,351.8275,363.3045,1.9419,2.0077,311.7832,,92.26,,,2341.03,,101.3,94.75,99.05,42.23,2002.9,24.3,3.5,59,8.4,4.9,2.7,2.1
11/28/2025,304.2467,311.8044,401.6044,414.1167,351.2409,362.6934,1.94,2.0058,311.8044,,105.8,,,1935.92,,101.3,94.75,99.05,30.42,1389.4,26.4,1.7,58.9,3.9,4.9,2.7,2.1
12/1/2025,304.391,311.9496,401.3601,413.9669,351.7296,363.1735,1.95,2.016,311.9496,,86.32,,,5236.14,,101.3,94.75,99.05,43.29,2152.7,8.8,9.6,59.7,0.7,4.9,2.7,2.1
12/2/2025,304.8169,312.3894,401.4781,414.1157,352.676,364.0946,1.9514,2.0174,312.3894,,97.03,,,4006.48,,101.3,94.75,99.05,47.74,2362.1,11.8,7.2,57.6,1.1,4.9,2.7,2.1
12/3/2025,305.048,312.6214,402.2258,414.8848,353.6968,365.2218,1.952,2.0181,312.6214,,102.75,,,3779.75,,101.3,94.75,99.05,49.27,2429,10.9,10,59,0.7,4.9,2.7,2.1
12/5/2025,305.0008,312.5739,405.287,418.0143,354.0541,365.5892,1.9597,2.026,312.5739,,96.9,,,3968.85,,101.3,94.75,99.05,48.38,2356.3,10.6,10.1,59.5,2.4,4.9,2.7,2.1
12/8/2025,304.8091,312.3946,405.2464,417.9705,353.8531,365.401,1.9589,2.0252,312.3946,,85.67,,,2839.07,,101.3,94.75,99.05,51.39,2671.9,10.2,11.2,53.5,3.6,4.9,2.7,2.1
12/9/2025,304.83,312.4026,405.1272,417.7157,353.6982,365.221,1.9487,2.0147,312.4026,,101.35,,,3882.17,,101.3,94.75,99.05,52.1,2614.8,12.4,15.2,56.2,2.4,4.9,2.7,2.1
12/10/2025,304.851,312.4237,404.1833,416.8711,353.1813,364.6071,1.9396,2.0054,312.4237,,97.83,,,6215.76,,101.3,94.75,99.05,50.79,2613,12.7,16.4,57.3,2.2,4.9,2.7,2.1
12/11/2025,305.0376,312.6108,406.6055,419.3324,355.5577,367.0486,1.9526,2.0185,312.6108,,109.54,,,5554.42,,101.3,94.75,99.05,50.71,2591.4,12.7,16.8,54.5,3.9,4.9,2.7,2.1
12/12/2025,305.3238,312.9114,407.4929,420.2219,357.0554,368.5826,1.9539,2.0201,312.9114,,106.77,,,3025.45,,101.3,94.75,99.05,50.43,2545,10.5,13.1,58.4,2.6,4.9,2.7,2.1
12/15/2025,305.3475,312.9482,406.8517,419.5893,357.2202,368.8008,1.9574,2.0237,312.9482,,69.82,,,2228.18,,101.3,94.75,99.05,51.64,2705.7,14.3,8.3,54.7,3.8,5.4,2.7,2.1
12/16/2025,305.5704,313.1685,407.2603,420.0335,357.9159,369.536,1.9664,2.0329,313.1685,,74.21,,,2856.76,,101.3,94.75,99.05,52.8,2768.7,20.7,8.2,51.8,2.4,5.4,2.7,2.1
12/17/2025,305.6811,313.2962,408.6866,421.4896,357.5177,369.216,1.9665,2.033,313.2962,,79.98,,,3325.5,,101.3,94.75,99.05,52.64,2707.1,24.5,10.2,52.2,3.3,5.4,2.7,2.1
12/18/2025,305.8439,313.4597,407.5495,420.3286,357.8024,369.4126,1.9567,2.0229,313.4597,,66.08,,,2344.77,,101.3,94.75,99.05,51.46,2633.6,25.3,7.7,51.7,5.3,5.4,2.7,2.1
12/19/2025,305.6312,313.2461,407.7429,420.4025,357.025,368.6381,1.9543,2.0201,313.2461,,65.92,,,3454.16,,101.3,94.75,99.05,51.51,2688.2,22.7,7.9,51.6,3.9,5.4,2.7,2.1
12/22/2025,305.7285,313.3304,408.2799,421.0612,356.9362,368.5426,1.9359,2.0015,313.3304,,88.4,,,2976.16,,101.3,94.75,99.05,51.35,2726.9,12.5,18.8,46.2,3.2,5.4,2.4,2.1
12/23/2025,305.7625,313.3516,410.973,423.828,358.793,370.4208,1.9487,2.0155,313.3516,,92.22,,,2561.1,,101.3,94.75,99.05,52.81,2752.1,12.4,20.7,44.6,3.1,5.4,2.4,2.1
12/24/2025,305.8097,313.3991,412.3744,425.2274,359.5822,371.2148,1.9568,2.0228,313.3991,,102.48,,,4101.66,,101.3,94.75,99.05,51.93,2671.2,12.6,21.4,44.3,2.8,5.4,2.4,2.1
12/26/2025,305.8098,313.3991,411.9828,424.872,359.2205,370.9095,1.9505,2.0166,313.3991,,111.66,,,2708.24,,101.3,94.75,99.05,48.36,2627.7,12.7,20.3,41.6,2.4,5.4,2.4,2.1
12/29/2025,305.8808,313.4702,411.8509,424.7217,358.9592,370.6028,1.9487,2.0148,313.4702,,118.6,,,3707.26,,101.3,94.75,99.05,51.84,2764.3,12.5,28.5,39.8,3.9,5.4,2.4,2.1
12/30/2025,306.1279,313.7178,412.0719,424.949,359.1307,370.7357,1.9516,2.0177,313.7178,,124.26,,,3428.41,,101.3,94.75,99.05,52.87,2800.7,12.3,29.7,40.2,2.3,5.4,2.4,2.1
12/31/2025,306.2933,313.8313,411.0111,423.8226,358.3369,369.8844,1.9502,2.0169,313.8313,,175.18,,,4654.88,,101.3,94.75,99.05,52.07,2653.6,12.6,29.7,41.1,1.2,5.4,2.4,2.1
1/1/2026,305.8354,313.4295,410.2728,424.309,357.8592,369.596,1.9446,2.0126,313.4295,,128.14,,,4654.88,,101.3,94.75,99.05,44.65,2285.2,14.5,23.7,45,1.9,5.4,2.4,2.1
1/2/2026,305.7389,313.2752,410.9648,423.7811,358.2225,369.8311,1.944,2.0099,313.2752,,134.48,,,5166.5,,101.3,94.75,99.05,48.74,2647.1,12.8,31.2,43.2,1.6,5.4,2.4,2.1
1/5/2026,306.1175,313.6282,409.7205,422.4878,356.3458,367.9245,1.9405,2.0062,313.6282,,135.8,,,5770.85,,101.3,94.75,99.05,50.85,2698,12.4,27.3,41.2,4.8,5.4,2.4,2.1
1/6/2026,306.2303,313.768,413.6556,426.5196,358.0053,369.4984,1.9508,2.0168,313.768,,175.21,,,6594.64,,101.3,94.75,99.05,50.38,2691.5,12.5,32.5,40.2,4.5,5.4,2.4,2.1
1/7/2026,306.2802,313.8181,412.5157,425.3429,356.9207,368.5383,1.9479,2.0139,313.8181,,158.71,,,6594.64,,69.7,76.37,80.6,50.46,2695.9,12.7,28.2,39.3,5.7,5.4,2.4,2.1
1/8/2026,306.3248,313.8457,410.9478,423.7154,356.5056,367.9743,1.9464,2.0124,313.8457,,168.45,,,12328.2,,70.2,76.12,80.03,49.49,2629.2,12.7,30.9,42,6.1,5.4,2.4,2.1
1/9/2026,305.6261,313.1618,409.1435,421.9462,354.9194,366.3708,1.9364,2.003,313.1618,,171.03,,,8549,,72,78.28,82.01,51.43,2608.2,12.3,26.4,40.9,6.4,5.4,2.4,2.1
1/12/2026,305.5393,313.0748,408.9122,421.6451,354.822,366.3596,1.9281,1.9926,313.0748,,168.89,,,5211.61,,71.8,78.26,82.05,51.61,2633.5,21.3,22,41.9,1.7,5.4,2.4,2.1
1/13/2026,305.3503,312.8849,409.9952,422.7944,354.5867,366.1812,1.9194,1.9839,312.8849,,151.97,,,4940.45,,73,79.6,83.11,52.79,2598.2,24.4,19,36,1.9,5.4,2.4,2.1
1/14/2026,305.4368,312.972,409.0621,421.8112,354.3322,365.7923,1.9111,1.976,312.972,,182.72,,,9265.2,,72.2,80.74,84.18,52.31,2714.3,24,16.8,37.6,2,5.4,2.4,2.1
1/16/2026,305.6708,313.2065,407.9243,420.6327,353.6656,365.0787,1.9237,1.9888,313.2065,,160.19,,,4729.22,,70.8,79.99,83.21,48.92,2630,24,16.4,35.2,2.4,5.4,2.4,2.1
1/19/2026,305.957,313.494,408.3288,421.0614,354.2118,365.7343,1.9313,1.9965,313.494,,196.08,,,4686.34,,70.48,80.32,83.63,50.33,2678,30.7,12.6,34.8,0.9,5.4,2.4,2.1
1/20/2026,305.9544,313.4913,409.5492,422.328,355.1419,366.586,1.9295,1.9947,313.4913,,200.77,,,5166.83,,70.95,81.09,83.63,51.32,2692.7,34.4,9.3,32.5,1.6,5.4,2.4,2.1
1/21/2026,305.8941,313.4306,409.918,422.7115,357.2784,368.8735,1.9289,1.9941,313.4306,,189.06,,,9819.42,,71.95,83.12,84.68,50.97,2696.3,31.8,10.9,33.6,2.2,5.4,2.9,2.1
1/22/2026,305.9544,313.4913,409.5465,422.3216,356.2848,367.8362,1.924,1.989,313.4913,,157.54,,,8318.83,,72.25,84.6,85.53,51.02,2718,33.9,10.3,30.9,2.2,5.4,2.9,2.1
1/23/2026,305.9728,313.5098,411.5743,424.3891,358.0743,369.7249,1.9217,1.9867,313.5098,,166.13,,,10501.83,,70.74,83.35,84.59,51.86,2702.3,34.1,9,33.7,2.3,5.4,2.9,2.1
1/26/2026,306.0306,313.5677,417.1428,429.8203,361.8096,373.4614,1.9776,2.0441,313.5677,,169.74,,,5496.09,,71.79,85.13,85.58,53.61,2866.6,33.3,10.2,34.5,2.4,5.4,2.9,2.1
1/27/2026,305.8337,313.3699,417.4227,430.3125,362.2875,373.8807,1.975,2.0414,313.3699,,163.5,,,5206.67,,70.3,83.38,83.86,54.56,2881,32.1,15.9,28.5,3.3,5.4,2.9,2.1
1/28/2026,305.9807,313.5176,421.0054,434.0264,365.7995,377.505,1.9947,2.0616,313.5176,,211.53,,,6941,,72.3,86.24,85.83,53.11,2836.3,33.3,14.3,26.8,2.8,5.4,2.9,2.1
1/29/2026,305.9414,313.478,421.2957,434.3142,365.0223,376.6663,1.9913,2.0582,313.478,,194.26,,,6923.23,,73.14,88.19,87.69,55.23,2809.9,32,12.6,31.2,2.1,5.4,2.9,2.1
1/30/2026,305.6681,313.2039,419.14,432.0919,362.8826,374.5913,1.9799,2.0464,313.2039,,233.13,,,9192.23,,73.68,100,87.78,54.57,2722.4,35.3,13.8,32.6,2.8,5.4,2.9,2.3
2/2/2026,305.5893,313.1248,417.0717,429.8422,361.2808,372.9724,1.9635,2.0298,313.1248,,212.55,,,5164.53,,70.53,86.83,85.94,52.31,2769.7,35.8,12.3,29.8,3.6,5.4,2.9,2.3
2/3/2026,305.8389,313.3753,416.9645,429.8929,359.7579,371.4519,1.9596,2.0257,313.3753,,266.13,,,8244.71,,71.5,86.17,85.11,52.61,2772.3,35.5,14,28.6,3,5.4,2.9,2.3
2/5/2026,305.789,313.3251,415.4473,428.3005,359.1439,370.7976,1.9418,2.0075,313.3251,,219.15,,,11114.09,,73.4,88.03,87.15,51.39,2711.7,36.3,15.9,30.9,2.6,5.4,2.9,2.3
2/6/2026,305.6576,313.1934,412.672,425.4785,358.9215,370.5412,1.9425,2.0082,313.1934,,275.19,,,9091.03,,73.26,88.92,87.86,51.41,2649,35.7,18.1,30.2,3.4,5.4,2.9,2.3
2/9/2026,305.726,313.2618,414.551,427.4013,360.0515,371.6656,1.9418,2.0076,313.2618,,278.2,,,6313.14,,72.8,87.45,86.61,52.59,2843.5,34,16.7,25.1,2.1,5.4,2.9,2.3
2/10/2026,305.7602,313.2961,417.2663,430.1498,362.8625,374.5339,1.9598,2.026,313.2961,,282.22,,,3546.24,,76.68,88.2,87.41,52.77,2800.5,33.7,19,21.6,2.4,5.4,2.9,2.3
2/11/2026,305.6707,313.2066,416.0981,428.9625,362.6817,374.259,1.9808,2.0476,313.2066,,296.45,,,3350.15,,75.77,88.95,88.33,53.03,2811.9,32.2,20.8,22.5,3.3,5.4,2.9,2.3
2/12/2026,305.6498,313.1854,415.517,428.2629,361.6011,373.3137,1.9957,2.0628,313.1854,,296.71,,,4843.53,,75.67,88.96,88.61,53.05,2772.1,35.3,21.5,24,3.7,5.4,2.9,2.3
2/13/2026,305.5237,313.0589,414.7903,427.6255,361.334,372.937,1.9882,2.0552,313.0589,,299.68,,,8510.85,,71.49,86.71,86.38,51.87,2738.6,35.5,21.1,23.9,3.3,5.4,2.9,2.3
2/16/2026,305.479,313.0141,415.4688,428.2999,361.1331,372.8189,1.9887,2.0556,313.0141,,270.99,,,5634.7,,73.9,86.32,85.77,50.71,2785.8,33.2,20.6,24.5,3.1,5.4,2.9,2.3
2/17/2026,305.4869,313.022,414.6944,427.4178,360.3427,372.0821,1.9873,2.0542,313.022,,270.41,,,4234.53,,73.9,86.32,85.77,51.47,2726.2,35.4,30.6,22.5,2.5,5.4,2.9,2.3
2/18/2026,305.6761,313.2117,413.1096,425.918,360.7322,372.4105,1.9836,2.0504,313.2117,,282.43,,,5663.2,,73.9,86.32,85.77,52.23,2787.8,35.6,26.7,23.1,2.4,5.4,2.9,2.3
2/19/2026,305.6366,313.146,411.2523,423.9192,359.0737,370.6842,1.9647,2.0309,313.146,,283.22,,,4931.2,,76.1,91.3,90.86,53.43,2781.6,33.8,23.1,23.3,3.5,5.4,2.9,2.3
2/20/2026,305.5841,313.0932,409.5699,422.2745,358.0208,369.5181,1.9623,2.0285,313.0932,,280.75,,,3890.61,,77.7,92.51,92.54,53.85,2749.3,34.1,22.7,24,3.4,5.4,2.9,2.3
2/23/2026,305.6182,313.1434,411.9272,424.6149,360.015,371.6579,1.9735,2.0399,313.1434,,288.48,,,2562.67,,77.4,91.13,91.81,53.39,2867.8,32.1,15.3,28.7,1.1,5.4,2.4,2.3
2/24/2026,305.6919,313.2012,411.2244,423.9404,358.9136,370.4316,1.9655,2.0314,313.2012,,297.94,,,3688.48,,78.85,91.9,92.74,55.23,2904.9,33.4,20.8,22.9,0.8,5.4,2.4,2.3
2/25/2026,305.584,313.0933,411.6673,424.3967,358.9736,370.495,1.9553,2.0213,313.0933,,322.93,,,4021.15,,78.95,91.4,92.67,55.78,2934.9,31.1,22.3,23.5,0.8,5.4,2.4,2.3
2/26/2026,305.5941,313.0869,413.3202,426.0178,359.8196,371.5099,1.953,2.019,313.0869,,341.02,,,4910.86,,79.25,91.69,92.66,56.2,2944.4,31.5,20.8,25.6,0.4,5.4,2.4,2.3
2/27/2026,305.5642,313.0569,410.8345,423.5619,359.2794,370.8055,1.9537,2.0197,313.0569,,333.76,,,7013.43,,79.3,91.39,93.45,55.43,2915.7,31.9,20.6,26,0.5,5.4,2.4,1.6
3/3/2026,305.7029,313.3818,408.7817,421.564,356.4693,368.0294,1.9379,2.0039,313.3818,,332.49,,,9561.69,,95.5,117.51,131.02,52.44,2871.2,34.2,18.7,24.2,0.9,5.4,2.4,1.6
3/4/2026,306.2201,313.9156,407.0036,419.8048,354.0473,365.5719,1.9372,2.003,313.9156,,403.77,,,4680.45,,99,126.96,225.44,54.08,2901.2,31.2,22.9,23.8,0.7,5.4,2.4,1.6
3/5/2026,306.8087,314.2395,408.6274,421.3343,355.3436,366.924,1.9486,2.0145,314.2395,,336.51,,,5682.72,,106.1,140.98,194.6,55.57,2985.6,26.6,24.6,27.3,0.5,5.4,2.4,1.6
3/6/2026,307.5335,315.1016,409.9043,422.6522,356.0828,367.5812,1.9455,2.0116,315.1016,,337.92,,,5003.75,,113.1,154.19,155.82,56.38,2985.9,25.8,25.5,26.6,0.6,5.4,2.4,1.6
3/9/2026,307.4093,314.9894,407.758,420.448,352.9637,364.4988,1.9301,1.9957,314.9894,,334.72,,,5807.76,,130,183.89,185.64,56.89,3009,26.5,24.3,24.1,2.1,5.4,2.4,1.6
3/10/2026,307.6185,315.1941,411.5951,424.4904,355.9652,367.5552,1.9421,2.008,315.1941,,335.36,,,4476.4,,113,160.2,142.92,56.51,2911.7,32.2,22.7,21.7,1.7,5.4,2.4,1.6
3/11/2026,307.187,314.863,411.7581,424.6407,355.8145,367.4652,1.9339,1.9997,314.863,,394.53,,,4319.88,,112,163.2,157.12,56.72,3030.2,32.1,21.3,23.7,2.2,5.4,2.4,1.6
3/12/2026,307.1786,314.8701,409.6529,422.4958,353.1934,364.8132,1.9253,1.9907,314.8701,,319.48,,,4108.68,,135.3,196.85,209.83,58.16,3040.2,30.8,24.1,23.3,1.5,5.4,2.4,1.6
3/13/2026,307.1864,314.8887,408.9103,421.7312,352.3965,363.97,1.9214,1.9869,314.8887,,316.78,,,5267.49,,136,193.91,199.66,56.81,2896.7,29.1,26.2,23.6,1,5.4,2.4,1.6
3/16/2026,307.5208,315.1366,406.4081,419.1935,350.8244,362.3511,1.9204,1.9859,315.1366,,245.53,,,6590.81,,139.8,188.61,199.42,57.54,3088.7,27.7,24.5,24.7,1,5.4,2.4,1.6
3/17/2026,307.7302,315.3022,408.2381,421.0555,352.4655,363.9632,1.9239,1.9894,315.3022,,258.2,,,5029.14,,134,195.91,200.17,58.53,3022.1,26.2,26,27.5,0.9,,2.4,1.6
3/18/2026,307.5471,315.0708,409.3627,422.0881,353.3849,364.8583,1.9273,1.9926,315.0708,,341.21,,,5271.03,,137.5,196.09,198.86,57.36,2974.8,26.7,26,27.3,0.4,,2.4,1.6
3/19/2026,307.5807,315.1228,407.5119,420.1819,351.9053,363.3203,1.9199,1.9841,315.1228,,283,,,3945.66,,137.5,221.58,225.62,56.88,2947.8,27.3,28.8,25.7,0.3,,2.4,1.6
3/20/2026,307.8169,315.3602,411.6864,424.3861,354.6581,366.1559,1.938,2.0032,315.3602,,255.04,,,4385.68,,145,219.67,212.65,56.95,3015.4,26.5,26,25.7,0.4,,2.4,1.6
3/23/2026,308.3602,315.9406,409.8578,422.512,354.905,366.4905,1.9279,1.9926,315.9406,,240.27,,,2371.12,,151.6,239.99,227.98,57.59,3074.3,26.8,26.4,22.1,1.5,,1.6,1.6
3/24/2026,310.0293,317.4609,414.2882,426.8699,357.7452,369.3739,1.9478,2.0132,317.4609,,241.71,,,4217.2,,145.5,218.54,199.63,59.56,3072.2,26.7,26.6,23.1,1.5,,1.6,1.6
3/25/2026,309.914,317.4236,413.8391,426.8008,358.1352,369.8404,1.9436,2.0097,317.4236,,298.34,,,6419.93,,141.3,204.68,178.46,58.98,3068.2,26.5,24.9,23.6,1.8,,1.6,1.6
3/26/2026,310.3233,317.809,413.0747,425.9865,357.4484,369.0119,1.9384,2.004,317.809,,247.29,,,3265.28,,149,215.42,196.21,59.98,3142.4,26.9,26.3,22.2,2,,1.6,1.6
3/27/2026,310.6542,318.1938,413.0007,425.9099,357.0842,368.6741,1.9398,2.0053,318.1938,,243.31,,,2674.89,,130.52,235.41,222.77,60.35,3121.6,26.6,26.6,23.2,1.1,,1.6,1.6
3/30/2026,310.7248,318.599,411.3572,424.1007,356.9387,368.4362,1.9399,2.0053,318.599,,268.86,,,2173.46,,139.8,250.21,242.06,59.17,3141.5,26.9,29.6,22,0.5,,1.6,1.6
3/31/2026,311.7664,319.312,410.2164,423.0165,356.2787,367.7774,1.9445,2.0102,319.312,,277.95,,,3571.95,,135.4,237.23,218.14,59.69,3117.5,26.8,31.5,19,0.9,,1.6,2.2
4/2/2026,311.763,319.2903,411.5853,424.4221,358.5873,370.2514,1.949,2.0147,319.2903,,247.36,,,1766.9,,139.35,287.04,229.4,57.47,2929.3,27.7,34.4,22.9,0.6,,1.6,2.2
4/6/2026,311.7395,319.2559,410.3353,423.133,357.7302,369.2754,1.9456,2.0113,319.2559,,231.84,,,3029.36,,143,272.01,227.52,58.16,2947.7,29.1,29.3,23.2,2.9,,1.6,2.2
4/7/2026,311.7263,319.2533,410.5859,423.3872,358.0795,369.5731,1.9421,2.0077,319.2533,,225.43,,,1878.96,,138.8,250.95,225.63,59.66,3162.6,27.9,30.5,22,1.5,,1.6,2.2
4/8/2026,311.5323,318.9724,416.0046,428.8221,362.1831,373.8355,1.9591,2.0245,318.9724,,237.26,,,6613.86,,120.8,197.48,193.53,60.21,3016.7,29.3,30.8,21,1.3,,1.6,2.2
4/9/2026,311.6185,319.0874,416.0208,428.8613,362.1183,373.7006,1.9554,2.021,319.0874,,239.96,,,2965.75,,130.7,208.27,216.28,60.01,3097.8,31.2,28,19.6,1.6,,1.6,2.2
4/10/2026,311.7997,319.2693,417.1834,430.0396,363.1805,374.7881,1.9518,2.0172,319.2693,,114.6,,,5016.12,,130.7,208.27,216.28,56.93,2808.5,28.7,29.5,21.4,0.7,,1.6,2.2
4/15/2026,311.7866,319.2614,421.5193,434.4694,366.0408,377.7863,1.9534,2.0196,319.2614,,105.43,,,3051.8,,118.59,173.59,198.83,42.14,2320.1,25.8,21.1,31.2,0.5,,1.6,2.2
4/16/2026,311.8103,319.2798,422.1269,434.9438,367.0162,378.6027,1.9581,2.0236,319.2798,,107.38,,,4962.74,,119.15,170.15,200.73,44.23,2420.6,25.4,29.2,26.4,1.2,,1.6,2.2
4/17/2026,312.2287,319.7445,420.6801,433.5596,366.3298,377.9689,1.951,2.0164,319.7445,,106.32,,,4974.72,,121.3,167.7,204.13,47.4,2637.4,25.9,32.2,22.2,0.4,,1.6,2.2
4/20/2026,312.8322,320.2736,420.9535,433.8719,366.6148,378.2114,1.9614,2.027,320.2736,,112.44,,,4114.42,,118.9,152.17,182.53,52.49,2600.9,24,37.2,22.3,0.6,,1.6,2.2
4/21/2026,312.8964,320.3926,421.7364,434.541,367.0541,378.785,1.96,2.0258,320.3926,,123.32,,,3564.73,,118,150.02,177.41,54.84,2852,26.2,23.7,27.4,0.3,,2.4,2.2
4/22/2026,312.9772,320.7202,421.5988,434.3971,366.2922,377.8838,1.9574,2.0224,320.7202,,151.01,,,5252.29,,122.35,164.11,184.15,54.84,2852,26.2,23.7,27.4,0.3,,2.4,2.2
4/23/2026,313.623,321.0932,421.9712,434.638,365.7576,377.3171,1.9593,2.0243,321.0932,,167.46,,,2828.7,,125.54,167.71,178.33,57.15,2824.8,30.9,23.7,24.3,0.4,,2.4,2.2
4/24/2026,314.0369,321.8767,421.4696,434.5032,365.4493,377.2336,1.9583,2.0242,321.8767,,199.17,,,2068.86,,125.19,174.64,185.62,56.36,2730.7,31.6,24.8,25.3,0.5,,2.4,2.2
4/27/2026,314.5714,322.2761,424.6592,437.5829,367.5299,379.2523,1.9682,2.0321,322.2761,,219.28,,,2972.46,,126.44,175.75,188.27,54.37,2850.6,31.8,30.8,26.7,0.5,,2.4,2.2
4/28/2026,314.999,322.7579,424.8238,437.8123,367.6464,379.3357,1.9699,2.0357,322.7579,,231.9,,,3096.66,,126.04,167.08,176.66,56.03,2831.7,33,30.6,21.7,0.9,,2.4,2.2
4/29/2026,315.546,323.2624,425.2067,438.2207,368.135,379.9765,1.9696,2.0356,323.2624,,248.48,,,4191.88,,127.74,169.44,178.9,56.71,2938.9,32.8,26.8,21.5,1.3,,2.4,2.2
4/30/2026,315.8712,323.8049,424.6432,437.5216,367.2915,379.1375,1.9633,2.0291,323.8049,,218.7,,,3441.12,,138.8,178.47,188.67,57.71,2935.3,30.4,26.9,20.7,2,,2.4,5.4
5/4/2026,315.7008,323.8804,427.7741,440.8827,368.8892,380.814,2.0008,2.0701,323.8804,,226.55,,,4807.58,,127.64,160.08,170.95,57.18,2966.5,29.9,25.1,22.3,2.6,,2.4,5.4
5/5/2026,316.0475,323.7445,426.0073,439.1833,367.8945,379.767,2.0025,2.0694,323.7445,,246.3,,,2152.65,,137,161.05,167.48,57.3,2916,28.6,27.6,21,4.6,,2.4,5.4
5/6/2026,316.408,324.0396,427.8434,441.0445,369.3791,381.1748,1.9971,2.064,324.0396,,254.52,,,4131.14,,131,157.25,158.91,57.05,2949.8,29.9,31.1,22.6,2.3,,2.4,5.4
5/7/2026,317.2692,324.8705,430.1032,443.2014,371.4323,383.3117,2.0221,2.089,324.8705,,249.98,,,5280.86,,125.5,148.92,150.95,57.43,2961,28.4,28.4,23.4,0.8,,2.4,5.4
5/8/2026,317.8692,325.5338,429.4491,442.69,371.497,383.3312,2.0182,2.0855,325.5338,,253.66,,,4094.94,,125.6,152.68,152.26,57.64,2840.3,29.2,26.5,25.3,0.3,,2.4,5.4
5/11/2026,318.0363,325.6481,430.7852,444.0556,372.5381,384.4526,2.0159,2.0832,325.6481,,262.96,,,4929.05,,129,154.61,154.64,56.7,2675.9,29.6,21.9,29.8,0.7,,2.4,5.4
5/12/2026,318.5751,326.1274,431.3398,444.5374,373.1057,384.9878,2.0134,2.0801,326.1274,,247.19,,,3668.53,,132,158.92,159.59,52.37,2594,33.1,20.5,33.3,0.3,,2.4,5.4
5/13/2026,319.7714,327.3868,431.4505,444.5474,373.68,385.6245,2.0197,2.0865,327.3868,,255.68,,,2824.09,,132.1,163.89,161.22,52.64,2664.3,31.3,25.4,32.9,0.2,,2.4,5.4
5/14/2026,322.2875,329.9201,434.8477,448.0145,376.1102,388.1278,2.035,2.1016,329.9201,,253.75,,,2616.47,,133.61,160.18,153.62,48.45,2567.8,35.4,24.9,30.7,1.6,,2.4,5.4
5/15/2026,323.5345,331.1572,431.3631,444.5202,375.4605,387.4947,2.0343,2.1009,331.1572,,156.8,,,2849.45,,130.81,161.77,156.95,48.85,2459.9,34.6,22.8,32.4,3,,2.4,5.4
5/18/2026,326.7405,334.2668,433.308,446.7806,377.7937,390.1227,2.0476,2.1155,334.2668,,183.53,,,4886.14,,132.1,163.11,162.57,48.44,2657.9,33.6,14.7,33.3,3.3,,2.4,5.4
5/19/2026,328.2351,338.0729,439.6033,454.8369,381.0859,394.9684,2.0596,2.1365,338.0729,,181.68,,,2323.18,,133.05,164.72,164.76,53.6,2780.4,30.9,15.1,27.5,6.5,,2.4,5.4
5/20/2026,332.0898,342.703,443.6091,460.0855,383.7093,398.6451,2.0847,2.1649,342.703,,168.33,,,3803.3,,131,162.1,162.69,55.79,2866.2,29.6,17.7,24.7,7,,2.4,5.4
5/21/2026,342.6353,354.035,459.1241,476.4684,396.7046,412.1364,2.1495,2.2344,354.035,,158.93,,,2159.28,,129.4,155.04,153.05,56.13,2826.4,29.2,19,25.9,7.4,,4.7,5.4
5/22/2026,342.6799,353.1723,458.6066,475.122,396.5905,411.5178,2.1447,2.2295,353.1723,,141.27,,,2175.07,,126.4,151.89,149.77,56.32,2829.9,29.2,19.8,24.5,7.5,,4.7,5.4
5/25/2026,326.0127,336.4221,439.1783,454.6979,378.6446,392.8995,2.0477,2.127,336.4221,,136.98,,,2426.06,,118.61,141.87,138.73,48.36,2596.7,34.7,18.6,28.5,7.9,,4.7,5.4
5/26/2026,318.3218,328.6936,427.9839,444.3052,369.186,383.6347,1.9963,2.0744,328.6936,,142.31,,,4927.69,,118.45,142.77,139.18,54.63,2820.4,30.4,15.7,28.9,7.1,,4.7,5.4
5/27/2026,320.4057,330.818,430.7934,446.4081,372.3842,386.3006,2.0108,2.0869,330.818,,126.7,,,1864.92,,118.45,142.77,139.18,55.44,2855.5,30.3,16,27.1,8,,4.7,5.4
5/29/2026,324.455,334.2444,434.7034,450.2455,376.5095,390.5068,2.0293,2.1066,334.2444,,92.15,,,7375.92,,113.41,136.55,130.27,54.99,2781.7,30.4,17.4,28.1,7.3,,4.7,5.5
6/1/2026,325.9782,335.7046,437.114,453.125,377.9781,392.4141,2.0349,2.1146,335.7046,,102.46,,,1669.05,,113.41,136.55,130.27,54.09,2835.3,31.3,8.9,30.2,6.8,,4.7,5.5
6/2/2026,326.7561,336.6059,438.1041,453.8804,378.4523,392.752,2.0382,2.1164,336.6059,,93.56,,,2019.06,,114.3,144.12,139.22,57.2,2888.4,29.3,15.4,27.7,6.9,,4.7,5.5
6/3/2026,328.0033,337.9794,440.1036,455.8024,379.5507,394.0023,2.0419,2.1216,337.9794,,101.71,,,2051.32,,118.74,152.07,148.81,56.46,2876.2,30.3,19.4,23.1,7.5,,4.7,5.5
6/4/2026,330.1013,340.2566,441.4952,457.5867,381.3084,396.0766,2.0575,2.1362,340.2566,,111.94,,,2787.52,,115.7,148.35,147.84,54.74,2804.3,30.6,17.6,25.5,7.9,,4.7,5.5
6/5/2026,332.2768,342.0032,444.3093,460.4635,384.2509,398.5245,2.0679,2.1474,342.0032,,105.04,,,2976.44,,113.05,139.79,140.34,54.02,2680.9,30.4,13.3,28.6,7.6,,4.7,5.5
6/8/2026,331.2241,341.0411,440.2772,455.9567,380.1551,394.5039,2.0575,2.136,341.0411,,63.25,,,2613.35,,120,145.32,146.92,52.23,2677.6,31.2,12,31.5,8.2,,4.7,5.5
6/9/2026,332.3805,342.0821,442.3363,457.871,381.9608,396.1395,2.0656,2.1451,342.0821,,59.18,,,2164.94,,116.57,138.31,139.89,54.54,2787.4,28.7,13.7,30.4,7.5,,4.7,5.5
6/10/2026,324.6604,335.397,432.3206,449.6646,373.4356,388.6756,2.0156,2.0992,335.397,,57.38,,,1666.3,,117,136.33,137.89,56.19,2815.3,27.9,16.2,29.5,6.9,,4.7,5.5
6/11/2026,327.6794,337.8279,437.1672,452.9351,376.844,391.3207,2.0333,2.1136,337.8279,,66.62,,,1664.19,,117,136.33,137.89,53.87,2590.5,29.8,15.9,31.2,7.7,,4.7,5.5
6/12/2026,331.4206,341.3641,442.8676,458.7888,381.7387,396.2393,2.0573,2.1396,341.3641,,62.57,,,1992.73,,111.45,126.61,127.31,50.66,2567.6,30.4,11.5,35.8,8.6,,4.7,5.5
6/15/2026,326.346,336.5827,437.0667,453.1615,377.098,391.6078,2.0261,2.1087,336.5827,,39.36,,,4003.87,,107.3,120.02,118.81,53.69,2834.1,28.9,11.2,33.5,6.8,5.1,4.7,5.5
6/16/2026,328.2969,338.223,438.5634,454.5402,378.7469,393.306,2.0419,2.1213,338.223,,40.07,,,3854.32,,105.5,116.31,115.81,56.75,2905.8,28.8,14.8,30.9,6.7,5.1,4.7,5.5
6/17/2026,330.0254,339.9083,441.8564,457.5663,381.7174,396.0146,2.0512,2.1298,339.9083,,43.19,,,2557.42,,105.5,116.31,115.81,55.13,2752.9,29.9,15.6,30.4,7.3,5.1,4.7,5.5
6/18/2026,329.1875,339.0672,437.2224,452.4825,378.0243,391.8773,2.0437,2.1205,339.0672,,31.2,,,3122.36,,103,112.28,112.33,54.11,2664.8,31.3,15.4,30.8,7.3,5.1,4.7,5.5
6/19/2026,328.8515,338.7004,433.0326,448.2742,375.3128,389.2109,2.033,2.1097,338.7004,,31.25,,,1878.92,,103.56,112.67,112.49,52.68,2738.1,30.4,13.5,31.5,6.2,5.1,4.7,5.5
6/22/2026,329.3058,339.0659,434.1492,449.3898,376.1175,390.0029,2.0311,2.1079,339.0659,,44.16,,,1183.41,,102,114.37,114.76,51.4,2613.9,32.5,14,34.2,7.6,5.1,5.4,5.5
6/23/2026,329.6534,339.4956,435.4654,450.7204,375.2974,389.2398,2.0338,2.1106,339.4956,,64.26,,,1563.17,,100.5,110.35,110.85,53.12,2772.3,30.4,14.7,31.5,5.5,5.1,5.4,5.5
6/24/2026,330.3515,340.0685,434.894,450.0311,374.1836,388.0942,2.0382,2.1148,340.0685,,61.04,,,1195.14,,97.8,111.25,111.36,56.28,2861.3,28.5,17.7,27.9,4.6,5.1,5.4,5.5
6/25/2026,332.3416,342.0372,436.5994,451.811,376.2315,389.958,2.0475,2.1246,342.0372,,65.36,,,2729.99,,95,111.36,111.12,56.76,2891.1,28.6,19,26.3,5.5,5.1,5.4,5.5
6/26/2026,332.2217,341.8794,436.7461,451.9304,375.9735,389.7328,2.0465,2.1229,341.8794,,61.62,,,1911.34,,95.25,110.57,110.4,56.6,2856.3,30.4,21,25.4,4.3,5.1,5.4,5.5
6/30/2026,331.6619,341.3051,437.8138,452.9823,376.7291,390.618,2.0384,2.1149,341.3051,,82.56,,,1756.69,,100,113.16,112.95,50.98,2685.8,31.8,13.4,28.5,5.1,5.1,5.4,6.8
7/1/2026,331.5503,341.0913,437.5072,452.7081,376.7022,390.4602,2.0297,2.1056,341.0913,,89.83,,,1070.24,,97,115.15,116.89,54.71,2799.5,29,18.8,25.4,5.9,5.1,5.4,6.8
7/2/2026,331.587,341.0964,439.2268,454.2545,375.9571,389.6258,2.0328,2.1084,341.0964,,81.2,,,1515.87,,94.3,116.76,117.53,56.35,2868.1,28.9,21.3,22.1,6.7,5.1,5.4,6.8
7/3/2026,330.9695,340.4482,440.9899,455.9621,377.2273,390.9013,2.0458,2.1216,340.4482,,128.47,,,1541.43,,94.8,114.04,113.69,56.52,2753.9,28.9,21.1,22.2,7.2,5.1,5.4,6.8
7/6/2026,330.3999,339.8836,439.5308,454.5712,376.2339,389.8554,2.0341,2.1098,339.8836,,132.29,,,1354.86,,95.9,116.28,114.54,54.81,2838,29.4,16.9,24.5,6.1,5.1,5.4,6.8
7/7/2026,330.053,339.5963,440.8245,455.9825,376.1646,389.9058,2.0318,2.1075,339.5963,,134.77,,,1536.69,,96.9,116.79,116.3,56.57,2899.4,28.3,21.2,22.6,7.1,5.1,5.4,6.8
7/8/2026,330.2889,339.7382,439.8187,454.9455,375.58,389.1661,2.0278,2.103,339.7382,,125.89,,,2257.3,,96.9,116.79,116.3,57.71,2957.3,27.9,23.1,23.2,5.2,5.1,5.4,6.8
7/9/2026,331.3476,340.8686,442.5535,457.751,377.2607,390.7991,2.0325,2.1082,340.8686,,139.01,,,1438.49,,94,126.08,124.23,58.08,2969.6,28.1,24.4,24.7,4.2,5.1,5.4,6.8
7/10/2026,331.1067,340.7016,443.9135,459.2249,377.8365,391.6913,2.0435,2.1199,340.7016,,116.72,,,2032.72,,94.4,124.55,122.5,57.09,2836.5,29.6,27.3,20.9,4.1,5.1,5.4,6.8
7/13/2026,331.0454,340.4816,441.7806,456.7089,375.7058,389.4487,2.0353,2.111,340.4816,,152.35,,,1036.78,,96.7,131.6,129.15,56.46,2892.1,29.1,24.6,22,7.2,5.1,5.4,6.8
7/15/2026,331.6264,340.9886,443.1195,458.3178,377.6744,391.4406,2.0376,2.1142,340.9886,,147.19,,,1228.96,,107,145.93,147.6,56.98,2914.3,29.1,23.6,23.4,8,5.1,5.4,6.8
7/16/2026,331.6711,341.0835,446.7062,462.5646,378.7545,392.5406,2.0382,2.1148,341.0835,,143.41,,,1486.15,,106.4,143.06,142.33,56.63,2889.3,28.4,22,22.2,7.4,5.1,5.4,6.8
7/17/2026,331.4266,340.7885,444.9874,460.2428,377.6337,391.3906,2.0334,2.109,340.7885,,147.97,,,722.64,,106.7,147.93,145.8,57.85,2907,27.2,20.9,23.1,7,5.1,5.4,6.8
7/20/2026,331.5003,340.9069,444.8423,460.0802,377.7036,391.4509,2.0343,2.1101,340.9069,,148.13,,,2635.83,,111.3,149.04,147.55,57.19,2889.8,28.6,24.8,21.8,7,5.1,5.4,6.8
7/21/2026,331.5606,340.9492,444.1997,459.3089,376.8832,390.5979,2.0329,2.1084,340.9492,,142.36,,,3275.59,,114.2,152.54,149.68,58.32,2956.7,26.8,24.8,22.8,5.5,5.1,6.5,6.8
7/22/2026,331.7866,341.0442,442.8034,457.7518,376.8299,390.5164,2.026,2.1013,341.0442,,175.2,,,3531.11,,119.7,162.23,159.94,59.48,3008.2,26.2,25.3,21.1,6.2,5.1,6.5,6.8
7/23/2026,331.6477,340.8782,442.7946,457.5983,377.512,390.9464,2.026,2.101,340.8782,,136.54,,,1078.02,,125.5,166.58,161.27,60.13,3042.6,27.1,25.2,20.6,5.9,5.1,6.5,6.8
7/24/2026,331.6265,340.7938,440.4247,455.0921,375.8827,389.4136,2.0168,2.0913,340.7938,,143.07,,,2450.03,,125.9,163.78,158.6,59.58,2976.8,27.1,24.7,21.2,5.6,5.1,6.5,6.8
7/27/2026,331.6659,340.8334,441.8094,456.3955,376.819,390.1717,2.0199,2.0944,340.8334,,153.8,,,2070.91,,115.7,163.82,149.8,58.77,3017,28.6,21.4,22.6,6.5,5.1,6.5,6.8
7/28/2026,331.5976,340.7122,439.7311,454.3267,375.7269,389.0458,2.0175,2.0917,340.7122,,185.96,,,2018.12,,111,152.82,147.37,58.93,2898,29.1,22.6,22.1,7.2,5.1,6.5,6.8
7/30/2026,331.482,340.5936,441.2218,455.9463,378.1968,391.5677,2.0198,2.0941,340.5936,,175,,,1094.19,,119.41,162.06,155.47,57.56,2938,28.9,20,24.7,7.1,5.1,6.5,6.8
7/31/2026,331.206,340.3301,444.2546,459.0566,379.8019,393.2368,2.0537,2.1296,340.3301,,183.34,,,4349.19,,115.2,159.67,153.66,58.19,2902.6,22.3,29.1,25.7,4.8,5.1,6.5,6.8
8/3/2026,331.1353,340.2587,444.7975,459.5491,380.2974,393.7462,2.1078,2.1844,340.2587,,159.31,,,1411.29,,108.7,156.16,149.37,53.73,2693.4,21.9,22.4,45.9,3.9,5.1,6.5,7.3
8/4/2026,331.1455,340.2116,443.4825,458.2166,379.7606,393.1097,2.0928,2.1691,340.2116,,184.74,,,2955.86,,107.75,146.87,139.71,54.15,2789.9,20.2,13.7,51.2,2.8,5.1,6.5,7.3
8/5/2026,331.0851,340.1378,444.2101,458.903,380.4896,393.8295,2.0946,2.1709,340.1378,,185.38,,,8476.03,,100.75,141.15,134.35,56.9,2886.5,18.8,12.2,49.5,2.5,5.1,6.5,7.3
8/6/2026,330.938,340.0296,444.3772,459.132,380.9229,394.3295,2.0908,2.167,340.0296,,188,,,12235.08,,101.17,142.12,136.72,56.96,2803.4,18.9,11.1,48.1,4,5.1,6.5,7.3
8/7/2026,331.0154,340.1598,444.0269,458.8453,380.075,393.4159,2.0824,2.1587,340.1598,,216.81,,,1891.69,,105.7,148.13,143.59,57.44,2785.9,18.7,10.9,47.1,4.6,5.1,6.5,7.3
8/10/2026,330.883,339.9478,444.9748,459.7419,380.796,394.1734,2.0832,2.1592,339.9478,,196.36,,,3811.23,,105.7,148.13,143.59,57.14,2838.2,17.8,7.7,49.5,6,5.1,6.5,7.3
